	GSM2601334	GSM2601335	GSM2601336	GSM2601337	GSM2601338	GSM2601339	GSM2601340	GSM2601341	GSM2601342	GSM2601343	GSM2601344	GSM2601345	GSM2601346	GSM2601347	GSM2601348	GSM2601349	GSM2601350	GSM2601351	GSM2601352	GSM2601353	GSM2601354	GSM2601355	GSM2601356	GSM2601357	GSM2601358	GSM2601359	GSM2601360	GSM2601361	GSM2601362	GSM2601363	GSM2601364	GSM2601365	GSM2601366	GSM2601367	GSM2601368	GSM2601369	GSM2601370	GSM2601371	GSM2601372	GSM2601373	GSM2601374	GSM2601375	GSM2601376	GSM2601377	GSM2601378	GSM2601379	GSM2601380	GSM2601381	GSM2601382	GSM2601383	GSM2601384	GSM2601385	GSM2601386	GSM2601387	GSM2601388	GSM2601389	GSM2601390	GSM2601391	GSM2601392	GSM2601393	GSM2601394	GSM2601395	GSM2601396	GSM2601397	GSM2601398	GSM2601399	GSM2601400	GSM2601401	GSM2601402	GSM2601403	GSM2601404	GSM2601405	GSM2601406	GSM2601407	GSM2601408	GSM2601409	GSM2601410	GSM2601411	GSM2601412	GSM2601413	GSM2601414	GSM2601415	GSM2601416	GSM2601417	GSM2601418	GSM2601419	GSM2601420	GSM2601421	GSM2601422	GSM2601423	GSM2601424	GSM2601425	GSM2601426	GSM2601427	GSM2601428	GSM2601429	GSM2601430	GSM2601431	GSM2601432	GSM2601433	GSM2601434	GSM2601435	GSM2601436	GSM2601437	GSM2601438	GSM2601439	GSM2601440	GSM2601441	GSM2601442	GSM2601443	GSM2601444	GSM2601445	GSM2601446	GSM2601447	GSM2601448	GSM2601449	GSM2601450	GSM2601451	GSM2601452	GSM2601453	GSM2601454	GSM2601455	GSM2601456	GSM2601457	GSM2601458	GSM2601459	GSM2601460	GSM2601461	GSM2601462	GSM2601463	GSM2601464	GSM2601465	GSM2601466	GSM2601467	GSM2601468	GSM2601469	GSM2601470
REACTOME_ONCOGENE_INDUCED_SENESCENCE	0.287675455693338	-0.315056871451119	-0.284170953339976	0.404289663587063	-0.244631738206884	-0.383681018352303	0.248100770908788	0.310421628555019	-0.291305247256738	-0.320245120426001	-0.443627541162884	0.271724601729495	-0.333156308072384	-0.327820551984279	-0.213909335570315	-0.235693952122367	-0.286883270501454	-0.337082753948564	-0.241949403821421	-0.282768717665475	0.33443702439714	-0.402494724827954	-0.213877511782353	-0.265086369018002	-0.284649417768539	-0.220800177167541	-0.45621545636515	-0.236696969846198	-0.238523881241621	-0.284953240900141	-0.2171977562368	0.340334467784069	-0.424853527647335	-0.231388606301922	-0.381577056819023	-0.247625156952415	-0.227561668562857	0.223694229106141	0.312797516822347	0.326387434504032	-0.393735753249674	-0.242815280539444	-0.278326442869194	0.28640041643822	0.298083978373293	-0.345552796247986	0.211119524463463	-0.359854512134944	-0.338714844280102	0.373761857934983	-0.337819628732843	-0.284442993214861	0.315163551567671	-0.306518242960992	0.290645959506284	0.332052228256028	-0.331286307706192	-0.243076497697502	0.300916126787049	-0.181858182534537	-0.395315446767715	-0.387287126880299	-0.449567767749184	-0.224958078144002	0.267163836919283	-0.479708598260376	-0.415660584797292	-0.34755218953046	0.281524614007575	-0.250099182723347	0.235317920151012	-0.254647498663062	0.326536441119456	-0.242265250576122	-0.230147626543633	-0.317797238626949	-0.242545999730754	-0.371548560096386	0.317460020183044	0.33850234686681	-0.237652288450188	-0.277638782210159	0.261900171267334	-0.272707762441499	0.252623822386962	0.314446772146822	-0.253904317516148	0.313327184575074	-0.262687000791601	-0.27394212811973	-0.463022793405482	0.361114031544296	-0.275275872652334	0.367864816088588	-0.271440173470447	0.262333891294724	0.288502448062069	-0.481688037558222	-0.427430049855138	-0.301813613161089	0.269167558561644	-0.321938100008763	-0.372970004320196	0.229914888383579	0.33248011818863	-0.317530494655406	0.236584479458684	-0.316170441049506	-0.301101654667769	0.290899828150657	0.366758601205186	0.258193547481056	-0.261147565021616	0.191424110258709	0.427874295895962	0.375107626694626	0.408530380590476	-0.333244357211073	-0.303499098513784	0.251961476105251	0.260482019209017	0.195346167101406	0.358647372517701	-0.297095773838842	-0.24561275692669	-0.326698712216846	0.427726090192542	0.291307512710497	-0.444154935800806	0.425812102792171	-0.333222177632137	-0.306392977950884	0.295228173831838	-0.301421302572648	0.270642590424366	-0.279916329995592	-0.325043462171141
SASP	0.245361519576886	0.359662898046765	-0.279190877063636	-0.220900136357614	0.367920959033254	0.369707979792251	0.175290516503146	-0.30052239264383	0.376815026348819	0.356851046513611	0.356555900047916	-0.256593760267085	0.418029673537254	-0.339317889852764	0.218225242484295	0.183463420770616	0.318091256433813	0.44226678522304	0.21804431150452	0.187880099046095	-0.455568908118577	0.240539434758308	0.50633867343945	0.357412569128359	0.448504923330624	-0.351354502683098	0.444320545969414	0.269378331527917	-0.199237945683741	0.497173928635946	-0.176468602327919	-0.23020174495528	0.446601495731176	-0.221123991412644	-0.490121673151869	-0.309934291143679	-0.277000388860499	-0.379139487377141	0.515062460806156	0.406254868256253	-0.243529828048809	0.165379095473912	0.201977323078089	0.301202885600582	-0.418009258886639	0.329626661159345	-0.422881708606124	0.403333323445356	-0.24311425963028	-0.423693207354085	0.599053167764328	0.339244746952461	-0.531182362728886	0.187139975810632	-0.267763097115978	-0.300557976720231	0.325777011166235	-0.512628350700137	-0.332987316365526	-0.235541406256758	0.293772392321817	-0.307141483977472	-0.390577805923952	0.24997398477224	-0.181975512689713	-0.216349738603152	0.454876700524424	-0.521660387060798	-0.260170779114921	0.258996042187893	0.227709972599039	0.316691257176144	-0.529730104779999	-0.343432179330867	0.30888044573164	0.393240241578036	-0.298637991719638	0.517533642066228	-0.465628800292567	0.261149282701625	-0.265230697305135	-0.259711063902292	0.249294351957718	0.186064159140229	0.457399611695865	-0.386535631543344	0.40012274462191	-0.249843945028466	-0.428694106006474	0.305205988250348	-0.403659754961501	0.479125791774187	0.548016701656269	-0.192981239680068	0.234198425573153	0.389880090219986	-0.282828256428539	-0.283048314950668	-0.31597057438528	0.331291036730686	-0.490005292029794	0.316526023275705	-0.29343549601975	-0.428802433497053	-0.425465541226673	0.344026161122157	-0.157034604630303	-0.534342259799343	0.169266122359038	-0.507499770178452	-0.195614069218084	0.566236537152772	-0.343035110067649	-0.363046934428815	-0.446515110794878	-0.355696214974331	0.18014135133082	0.540225993690347	-0.237394521849614	0.317995291502592	-0.35489344347691	-0.396810326654987	-0.534798246772017	-0.46579054508219	-0.186838565569789	-0.31150671507882	-0.358853988151974	0.240210226745519	-0.219385937276984	-0.436834996068732	-0.255908366400898	-0.350414532147206	0.235662939721669	0.21381765355977	0.415595867475637	-0.159847013639955	-0.172266334066863
Senescence Associated Secretor Phenotype	-0.461072195490533	-0.451168451157124	-0.542327199497321	-0.462220086084133	-0.447866113950733	-0.454302048273155	-0.487817666655179	-0.515516010976079	-0.460116570976075	-0.456512960346792	-0.443631362951405	-0.507136459880557	-0.468525270624317	-0.547502911103627	-0.430171861314775	-0.456791919840012	-0.462016281276296	-0.450158247655827	-0.497193992972258	-0.460781981550488	-0.604592366206337	-0.468482842783853	-0.457318442513475	-0.459062994806127	-0.449218762487112	-0.499125525774125	-0.46196909160904	-0.457874313516695	-0.473563897768037	-0.451349589166153	-0.459417639283683	-0.509850193106103	-0.452830807879606	-0.463151695099979	-0.646814175029464	-0.521825129314169	-0.507281433657768	-0.567146162092337	-0.437573810268168	-0.473335201999451	-0.501215678116847	-0.487606642299498	-0.452869762699907	-0.45187327565713	-0.562100310384966	-0.443940142204144	-0.575154863010796	-0.436838813282362	-0.512726206958901	-0.570494992520663	-0.453731812115827	-0.45246077720605	-0.647135251069003	-0.463119739600658	-0.545756774929094	-0.484651396763781	-0.451794744543035	-0.623776166940847	-0.530547514526609	-0.507975332681896	-0.464310981456119	-0.50759900784431	-0.569935490229159	-0.468558580295952	-0.466873704637114	-0.495123462400976	-0.467465385454614	-0.631217506719584	-0.495185937808187	-0.453964980292558	-0.471720927362488	-0.454386483412666	-0.658538329607325	-0.581854370875746	-0.466899079423204	-0.447219966208462	-0.527620117691509	-0.448006717321245	-0.588495767824952	-0.46592872091984	-0.504384532043863	-0.494449838575811	-0.455913937742133	-0.49578010053527	-0.451775398861346	-0.540398328970637	-0.45973072009117	-0.508102792587876	-0.563253829115344	-0.457585074338661	-0.571765149582939	-0.460039413083039	-0.452015797013328	-0.458401546791444	-0.451029379733216	-0.441528574006572	-0.503022702504659	-0.447346457686241	-0.55015781638036	-0.452229714441066	-0.557401128345887	-0.430994135430402	-0.505919467203189	-0.552126628753435	-0.558557752066694	-0.461421801367685	-0.502608953251599	-0.624378517192109	-0.477822992187893	-0.653434000135231	-0.486977807666648	-0.458688506041806	-0.573553751528098	-0.529737879939344	-0.62760098672685	-0.547591730947902	-0.444046381860177	-0.454976648184903	-0.477080760373135	-0.462791398285307	-0.561534756639616	-0.539463620054827	-0.650841353546648	-0.594214578205641	-0.467913919162548	-0.513314931628408	-0.553583341769817	-0.461652961301164	-0.471234787059733	-0.586644235521765	-0.52636469185272	-0.512603567038851	-0.468336488478934	-0.487364218313466	-0.466118085115238	-0.495110767029995	-0.452077029102689
Senescence_UP	-0.339255606868388	-0.215101399786795	-0.250541476171386	-0.261562156397686	0.214647578018037	-0.176826591617231	-0.293978246324219	-0.322879262813521	0.181409655036452	0.267930872556796	-0.237530403133057	-0.282557766906256	0.226690861707803	-0.269909358108099	-0.191897788099011	-0.181292468096067	-0.225648999033315	0.250530944249627	-0.306551928847435	-0.204880495447288	-0.412721377323218	0.260190701217626	0.306091970630892	-0.226523103505522	0.230598498949944	-0.220400427731038	-0.168449363963822	0.269118976933093	-0.28910257560771	0.193980935533691	-0.282017845882576	-0.22677446700359	-0.241852857073764	-0.296195173821118	-0.177777592037572	-0.320273926159249	-0.277938800282386	-0.257781841414704	-0.279608888215328	-0.197648760390876	-0.197293186162781	-0.298388911861501	-0.231759785470893	-0.217259382256679	-0.366481036118324	-0.198758608804475	-0.387075795434439	0.201675367136708	-0.259589106763826	-0.323904106567334	0.294766981121613	0.181833340986962	-0.310796150218717	-0.249501142194488	0.187978106545485	-0.24184356013658	0.209153897218602	0.206739327118706	-0.232254438798676	-0.187774800598451	0.348816249201013	-0.282735402958657	-0.171129155610739	0.217246185875109	-0.209268792466183	0.19766545693621	0.279851760110166	-0.206988980968899	0.249794673502841	0.27685934273413	0.189411388733377	-0.326060007223607	0.211991211794849	0.241082324854621	0.270861246615362	-0.237568796414435	-0.185691943131463	0.190306498237991	-0.239443492158535	-0.202395745822523	0.200403597331164	0.188537184282332	-0.219594082575279	0.345942003776204	0.20022470564078	-0.333805377510492	0.266374028641027	-0.306629205400699	-0.250578574126814	0.253191370807478	0.225768928750096	-0.220815824397895	0.341037996687268	-0.311285751569503	0.278510301680022	0.264471247768441	-0.308993419028969	-0.456887319523355	-0.336023029377072	-0.247480771737014	-0.337452993535409	-0.217445160532677	0.340001852205571	-0.2159291668228	-0.256020216546068	0.225432879662457	0.196619125816263	-0.211550240341896	0.240413408844905	-0.328788814748739	0.269286033719591	0.318780236214413	0.20760844850243	0.196462664255784	-0.191905477877476	-0.215438727045324	0.22107519734566	0.425670160453703	0.202895315432727	0.256187494147141	-0.185054364500916	-0.303076825317453	-0.266141311954887	0.269386703557742	-0.211221093164783	-0.188882712813182	-0.227560307561598	-0.219863705250181	-0.206314415090045	-0.174989580887788	-0.22960031564547	-0.197092401492701	0.286847976388484	0.199971616577101	-0.263840858579791	0.291246812229895	-0.248512692769938
SUVARNESS	0.350985590038433	0.714351187736262	-0.653445318464197	-0.284593368265836	0.604172936985038	0.442649952259939	-0.338639542011012	-0.276711480954699	0.57545761709289	0.576008214120543	0.655331436482305	-0.388094195923234	0.590594650343876	-0.361628856161483	0.415258991751152	0.390385815601158	0.420251443696784	0.535614153291896	0.261428934522977	0.286326855076688	-0.682557784928768	0.439348903942681	0.71138241428024	0.407036575326604	0.656446539633844	-0.613686039914852	0.505630133164723	0.462810155622609	0.308167265487164	0.647281041853212	0.276211988217201	0.387153553322504	0.523259521329296	-0.256995231610809	-0.56273910309225	-0.297532288069037	0.232808252012113	-0.301753214097881	0.655570640739616	0.603869307935288	0.23458925541553	0.364988816864689	0.486658693500261	0.491937760947726	-0.529930598210922	0.440430377081775	-0.636458883371449	0.70674532307467	-0.259398896515054	-0.30813007280473	0.710606387963049	0.505640255202738	-0.525380270606194	0.341246349682677	0.339340066068328	-0.451114303518804	0.68631910773163	-0.752721065825399	-0.395252148127171	0.421395879970004	0.571915042607223	0.335175361867654	-0.633696832758183	0.452592195482357	-0.410004332903418	-0.229034342972812	0.697847411071926	-0.637473297795329	-0.439128271120493	0.244867742567047	-0.474100807396009	-0.430133288895121	-0.698087927755905	-0.436177426859176	0.40233051563584	0.529799570713607	-0.590465906982006	0.464140111617513	-0.627337076786206	-0.251980658225825	-0.483428917468084	-0.310952323956458	-0.226230680163518	0.242995086908106	0.683599101893922	-0.541737878399673	0.398642503524069	0.297213472331982	-0.49979862595537	0.30347541569848	-0.636728005202575	0.282959938260245	0.560856109201768	-0.25149335565276	0.363671496798656	0.704149085655058	-0.535294703767901	-0.33331583229606	-0.462061249573951	0.602380297581514	-0.676023582588932	0.438443764880514	-0.204526318142413	-0.732073249493249	-0.644226031333064	-0.220680436022148	-0.469677132983362	-0.606557775587574	-0.310552952287785	-0.74968694770709	-0.533580141356188	0.800962517989656	-0.488662733386001	-0.508248331880595	-0.501352640317745	-0.617418228944936	0.242937622546657	0.70052266844086	-0.552277936685005	0.466123953415079	-0.419948781795786	-0.637949098062555	-0.726223362921489	-0.765338358888432	-0.270896115840102	-0.516226960150822	-0.652808710263199	0.587907604470958	-0.283683594807535	-0.554673851604994	-0.256999499643293	-0.580492139738466	0.27478923918209	0.25121416796897	0.345793661135922	0.169748809711937	-0.471730236362006
TIS down	-0.624340876406793	-0.185655071870584	0.373239487237462	0.5445685928292	-0.528663498479288	-0.210459211402703	-0.202574737248792	0.490882271412732	-0.272575224597359	-0.643062515293217	0.273654880374251	0.35281226108328	-0.531997597458488	-0.351799495532108	0.189159044972112	-0.678298382342735	-0.208399432184562	-0.320325619552764	0.52856956967944	0.359322959778091	0.469165590669758	0.184107716666893	-0.642308000775481	0.325592308780213	-0.749160054273301	0.359878266276974	0.32305554160452	-0.738262039201318	0.163238026255681	-0.551020142170241	0.50211200564763	-0.17454838381534	-0.259251281921665	-0.518744084478667	0.347349375650263	-0.173048522097145	0.412249389412459	0.423506677227927	0.445937025751134	-0.279397979464948	0.394631641828889	-0.310902404734965	-0.486136287806142	-0.197449396293928	0.160931668548894	-0.21814578889205	0.608710522781053	-0.414778218806922	0.443059986543739	0.658615766261949	-0.448448171552639	-0.721180477151335	0.526110330783276	-0.31957565378731	0.380988955654249	0.391156360065517	-0.39765343295401	0.383599325117709	-0.52507084462711	0.479618049590201	0.360585360303795	0.237298249656603	0.390030937168608	-0.654578965924834	0.457804517453401	-0.476610108434659	-0.659371446330581	-0.404630074668547	0.554513965020621	0.230016206708266	0.295573429920703	0.284901685084914	0.610338289903549	0.291754967343899	0.361395320837353	-0.433508656762225	0.457899893979786	-0.624503001843728	0.414383158516869	0.222657604137747	0.457173780052812	0.313027730948699	-0.400482684849435	-0.575000306105766	-0.608053924981746	0.322797227033285	-0.283981120752353	0.562315777267302	0.218518088467778	-0.646402765652819	0.239596693829807	0.187611698101167	-0.681740851573113	0.441160278452201	-0.525419683354909	-0.516115012367255	0.254742031062282	-0.535770805680382	0.273902335741037	-0.555711043161349	-0.519777910407116	0.259513057103509	0.294534147148532	0.226257144723579	0.495922210681836	-0.526208191691	0.288411067614822	0.538565009828706	-0.439959178930057	0.43442742788502	0.461562731400801	-0.692465667329604	-0.313876112707298	0.482493027224413	0.287904120109044	0.579187032215428	0.29325244730406	-0.759904908083932	-0.313537173500052	-0.18824025266359	0.377367046958087	0.52944109486542	0.537573775393041	0.238643795026292	-0.565368697938275	0.212080622432629	0.547479540401831	-0.664449103635989	-0.216739853898306	0.519386870909222	0.352611074063624	-0.292661666435978	-0.704563561975069	-0.327218689264033	-0.297745316858788	0.446035039782643	0.418510184598563
TIS up	0.230550947514263	0.414334838768594	-0.287659757853672	-0.283952754788765	0.544055247850161	0.348988073571644	-0.246593711668371	-0.283285669162328	0.356073264842838	0.494379427770227	0.489762827850178	-0.162203129067779	0.513212565958588	-0.337875685050365	0.240027469898416	0.365240644132347	0.17957838650983	0.43507835095926	0.184376079190106	0.176504681814925	-0.49153509392326	0.268768408282966	0.575039683838282	0.297617548196688	0.560510902013864	-0.334291337621735	0.389626023208854	0.442217053117369	-0.254182890443492	0.500799471537997	-0.242093731088479	0.209396873515196	0.420009598132401	-0.189022431306864	-0.456787943180582	-0.387576033651997	-0.247759548328445	-0.385994749699386	0.44909432925405	0.359223156284833	0.207277775302248	-0.169190186139743	0.301027690580675	0.357718188810159	-0.47975179394603	0.395360795176152	-0.479847116486238	0.4873860407069	-0.290537334631494	-0.382174369958929	0.552771169258331	0.448038427481367	-0.479493201422048	0.207562035627156	0.200937236883385	-0.294018619167103	0.511690238556512	-0.53353290750974	-0.237719582939349	-0.230476916822307	0.332931138690726	-0.231394251613258	-0.487496191894088	0.378696629771545	-0.329998602224905	-0.225670549600063	0.467033309506435	-0.541935755157967	-0.361433028171139	0.178319985858221	0.200516288707897	0.251533922384711	-0.502199246310394	-0.4516260161843	0.283831722568202	0.354901483752077	-0.412279876272104	0.417093628265465	-0.509230866273484	0.211794967370666	-0.388032603389881	-0.296921015556745	-0.227374764562752	0.229685580729946	0.538551308605527	-0.37822162981213	0.308439378867949	-0.204431391367058	-0.324533511262469	0.411528547164606	-0.442039187051308	0.253586944527691	0.53524886703691	-0.165636706726736	0.175241474390736	0.578261902434944	-0.445695084235773	-0.305649018604075	-0.384045855665289	0.355411087547536	-0.515093390289851	0.377319228302419	-0.304266950552832	-0.41195529285541	-0.500617643643227	0.195018313802542	-0.333391415513818	-0.545953094325395	0.200431889934834	-0.541872243283726	-0.186962020441178	0.610911016345126	-0.243160248835607	-0.423262119661838	-0.424395713874879	-0.449010935458401	-0.169463419233875	0.596518060588467	-0.231263880177146	0.349921610332224	-0.417885597933111	-0.420220158926695	-0.577961674943534	-0.50996007784204	-0.233076050529839	-0.344588655174859	-0.393568944510659	0.224215732447064	-0.327923095768833	-0.43027575120892	-0.366658682376226	-0.413308618111213	0.281594437220016	-0.240432280037474	0.371089101630728	-0.302665844043522	-0.290865290664048
FRIDMAN_SENESCENCE_DN	0.289521098860282	0.359567676768837	-0.295112542498167	-0.286764691638235	0.668379469210194	0.218700278510484	-0.450174037832243	0.442169335033199	0.340653831823424	0.546967247342807	0.609546593054233	-0.348175913743847	0.555176071234206	-0.263760530635941	-0.266610141779532	-0.374241478405641	-0.196929802772101	0.419055648471798	-0.281700235897253	0.315311200855347	-0.464724164892863	0.278989908385162	0.427391381137608	0.327025298232205	0.548752583502499	-0.438618594511295	0.494875948117569	0.476645951773934	-0.47807628420187	0.426907459695833	0.280141063940668	-0.278946660463616	0.583459088403141	-0.250540643136072	-0.311518516862071	-0.275372637615895	-0.308569780723915	-0.299294783334478	0.537958330606611	0.428670161622981	-0.386814580974632	-0.270865419928607	0.329397493963444	0.398595633772158	-0.467674098126385	0.35299031526409	-0.396237888453037	0.460686300939059	-0.349831615239056	-0.304945063577879	0.383445862428146	0.336159760000146	-0.496607632075399	-0.369133089369859	-0.382300491328753	-0.27534523412037	0.288548360918708	-0.595549909405217	-0.433451287926024	-0.32053805820723	0.586641660086559	-0.428527052100862	-0.620859491909898	0.258287117406814	-0.3493412576043	-0.423776316769264	0.31060099599474	-0.515146354735156	-0.369249984212952	0.360704844644686	0.35536673853089	0.203754611384179	-0.423517027871896	-0.466950626107089	0.288813542843156	0.275089643804817	-0.265173219797955	-0.318697849010942	-0.443331217555746	0.349066300546025	-0.481274982427235	0.274684065902946	-0.32769328433784	-0.342876344158184	0.555218537722541	-0.450925120892651	0.32396976902596	0.326906058746396	-0.451056139411087	0.461647931045196	-0.544311728686309	0.386381308320875	0.445915016211859	0.350653488766886	0.284591293656475	0.716667018250478	-0.402494473602308	-0.415369763748153	-0.415131648846555	0.266744521881048	-0.521140685746794	0.283889909460756	-0.290585977032599	-0.299538036748549	-0.372005861461312	0.325331141739319	-0.346933292421468	-0.575870914925981	-0.376987144672494	-0.541420296558719	0.386541073201419	0.640524368726738	-0.265845465457687	-0.572731139914369	-0.38532843652442	-0.422758984905757	-0.374278860219847	0.571873382631282	-0.512355493750094	-0.262436741932307	0.291102362051963	0.249147437071271	-0.410455075181622	-0.447216945663657	-0.285087506393449	-0.291903553596273	-0.268470765555084	-0.401805421608917	-0.321945499977853	0.351673963921242	-0.369257044857562	-0.394418361523842	-0.326055150177085	-0.282894363227258	0.393946604273434	-0.407040773091369	-0.222781898329177
FRIDMAN_SENESCENCE_UP	0.259233229644928	0.323691390212397	-0.239917377291911	-0.35715076265645	0.384489510362936	0.309083154385665	-0.246158384427239	-0.308002363360186	0.345398464691529	0.450228948544431	0.405672270363897	-0.300747632591907	0.343626539927472	-0.353734673637311	0.211465001042795	0.317988919827918	0.262382252686554	0.263649919983564	-0.227414129142902	-0.233150818364715	-0.450668189127763	0.225411887327965	0.542431596453389	0.322280305211066	0.428414202362081	-0.345133348259435	0.277656017468047	0.327642521725225	-0.27367100606302	0.439067865896101	-0.218232201842957	-0.238859294628594	0.307070873549659	-0.254711535632328	-0.515581498348972	-0.331898769428789	-0.281269382460436	-0.409087776508238	0.40217500180327	0.399757767473865	-0.253196535437184	-0.240942343329049	0.25613872200311	0.3866367540269	-0.428701918251273	0.37001659030315	-0.554782299657983	0.375638702060262	-0.370961653226002	-0.363571733640963	0.482429568649722	0.369317060375535	-0.540398509106207	-0.196757068063715	0.277357427448675	-0.223681787819064	0.447157667131866	-0.521637978162409	-0.315638220332741	-0.232028890227099	0.305710249739866	-0.215720817685864	-0.430140273909152	0.206683552584336	-0.251641337205885	-0.184227796769075	0.41232365369325	-0.468198774932127	-0.307661848782914	0.246465676042005	-0.198570718897437	0.300648494029854	-0.455219234355012	-0.333855234742539	0.274226595700847	0.343763882279668	-0.351973678916032	0.348713643061921	-0.44450811469718	0.258658920242337	-0.461923280912828	0.210242046393382	0.302169487879848	-0.251381072815359	0.513558378058241	-0.403268819128516	0.399656792764613	0.213230669292841	-0.239680691790106	0.376060405107601	-0.360020860712079	0.32451151085027	0.498876153405777	0.229856300269732	0.277788106764728	0.499285467609736	-0.325016590643653	-0.38874482741793	-0.395163610189944	0.350775017629125	-0.374754658135983	0.382573378538378	-0.271633742410443	-0.3493071892435	-0.466699277828329	0.216495591261248	-0.304011465193254	-0.5274036146726	0.219033396149289	-0.472157499564196	0.207221943552238	0.581255999224721	-0.314917676188402	-0.302325735362514	-0.316913154584474	-0.391676614028588	-0.204171267696942	0.504354960353797	-0.313371689671704	0.348757867154183	-0.354168609025786	-0.425174747514446	-0.503353679430305	-0.523182433241391	-0.293737744938584	-0.396619717503068	-0.372905734564553	0.410092416318984	-0.331902100599971	-0.421323684100984	-0.30967876143707	-0.441747813484897	0.318523126728312	0.308065693742297	0.260487865656374	-0.225445864732068	-0.348859638556035
REACTOME_CELLULAR_SENESCENCE	-0.312395763686446	-0.244802678484704	-0.180719395793719	0.321819012827806	-0.338082702438531	-0.273098718569783	-0.185931842619257	0.180276860643178	-0.186117696988302	-0.359049209490543	-0.325272490200735	0.222855125948323	-0.251218569862801	-0.339232312435477	-0.303362915144834	-0.31969169642115	-0.276534082314605	-0.282436202845956	-0.205106926821222	-0.214200796333435	0.36302525008358	-0.211559655698558	-0.223365817773368	-0.172195195278694	-0.341315604527015	-0.201638245066289	-0.278620817525993	-0.270858766894811	0.242885139968388	-0.246535390822388	-0.169078151805442	-0.194695332244528	-0.313096468411942	-0.218858976513558	0.204621369232198	-0.322546555901743	-0.236068420865283	-0.242089465229971	-0.202671141907106	-0.171349022441139	-0.352904762630138	-0.290415952195327	-0.321093763985613	-0.236176526225415	-0.265882667619573	-0.310834190547535	0.266207011846427	-0.245678415981445	-0.347369369071641	0.281360213714266	0.191880819256479	-0.342618374606575	0.188877563545343	0.210288975002898	-0.240341265376748	0.240863889418049	-0.307011192093434	0.173117390794237	-0.188987034336413	0.279082182682884	-0.27242721495762	-0.246502410311153	-0.203799903700697	0.215095728189768	-0.207722755820215	-0.320818387035789	-0.280609821603694	-0.204895987759484	0.384350930126162	0.24117295523246	0.228291753145448	0.198587985079416	0.217113301318605	0.268579791735551	-0.203980740522553	0.203705709740354	0.339763946931001	-0.249204140700012	0.242804921069517	0.235987095760957	0.340177118727252	0.184286316379922	0.184250548870253	0.211596750257817	-0.288887899104665	0.192509224967908	0.220922896381955	-0.200140051945482	-0.19823507554932	-0.222253908443006	0.189371509809161	0.206053698371962	-0.294177491850325	0.198017684079257	-0.219506015982716	-0.253192352095054	0.290809793474853	-0.368288374097298	-0.199369902568043	-0.265659373287683	-0.207447057684384	-0.323437158591575	0.255143919857712	0.167695518200429	-0.188451799751608	-0.207897662515985	-0.190675224905495	0.254583792912187	-0.210257561777239	0.299180665294212	0.22214071682579	-0.244639111681129	-0.194073129017894	0.280011961912448	0.337647277681734	0.209253920404834	0.178079141986598	-0.301116931785966	-0.199002413273862	-0.234277895223192	-0.202335347520342	0.210612437945914	0.316246698341028	0.270425283257162	-0.22877540021282	-0.203460921914905	0.269208675100986	-0.200747305404873	-0.215934277805334	0.258347721344392	-0.302187818535528	0.179012090477561	0.224947001233894	0.254249943241806	-0.2735384514749	0.264377037831059	0.228113096902635
Genes up-regulated in replicative senescent fibroblasts	-0.341929973384551	-0.218635776247661	-0.248165365984216	-0.250352478759934	0.195830156092687	-0.163652713045168	-0.292745449376077	-0.322456162018154	0.179985677070939	0.263327331935748	-0.24226137904331	-0.273853882869781	0.229669567982773	-0.265852159701253	-0.193808606651877	-0.179261196010239	-0.219426096548671	0.236112264023828	-0.320636319840982	-0.2104843154218	-0.396801811268776	0.251954235924043	0.28944124193921	-0.234492010595033	0.230346525042447	-0.21487901540996	-0.174563834403866	0.259828190916447	-0.277150608950792	0.1923372369313	-0.293590599942587	-0.236115628932155	-0.233067945165344	-0.297606665463905	-0.182554948364135	-0.333533720631076	-0.266993407571336	-0.271708600820768	-0.28172521026408	-0.196482309344939	-0.190130157781844	-0.308752623043084	-0.224547328002842	-0.212031878806762	-0.37630909723182	-0.207272862331723	-0.389194431335116	0.194593202466682	-0.288392206255635	-0.346545703516505	0.289635756267895	0.178119372090443	-0.338417756762946	-0.241555223977898	-0.195535370282458	-0.238174386152738	-0.185048712336551	0.206388769892802	-0.233407080532966	-0.206779624043461	0.312500150102206	-0.289201465267133	-0.176750801704699	0.219238564796126	-0.231568866308617	0.190910361139226	0.273291739166955	-0.202324333288363	0.242841613444774	0.275218429539839	-0.174836505729068	-0.326885122298533	0.188732426897277	0.206844121527211	0.230907855369681	-0.233728873920374	-0.193461584993423	-0.182439328973117	-0.237619547021102	-0.210187054402509	0.195435300979025	0.182311399099002	-0.212346006201214	0.340763469373494	-0.196950874319624	-0.338642730935887	0.257966880782808	-0.322588949256956	-0.259109406812741	0.250624060759284	0.200445997192133	-0.248347104902031	0.312507130714523	-0.321716272955732	0.264513079160522	0.246387765553724	-0.314693710957009	-0.446379782058119	-0.314920975096523	-0.245656163682912	-0.347153114112687	-0.233942302877701	0.325244007290998	-0.218932271980759	-0.284837379519061	0.222062647729029	-0.187195149324537	-0.212424582023752	0.234577245752413	-0.328188956451265	0.237768603817997	0.301624330615451	0.184840220426517	0.188710425251508	-0.215635302589688	-0.256298226750913	0.191251908626349	0.407853372337892	0.203470796214009	0.237903299609342	-0.19597924185978	-0.308919764815877	-0.269050855062215	0.253264518043293	-0.203708038037821	-0.194058512914558	-0.243857082539825	-0.235900087884852	-0.211372668859916	-0.190388314599571	-0.245300460037835	-0.197067023012987	0.26517379971716	0.183092150200565	-0.280738864636335	0.284452548307193	-0.258216009706549
Genes upregulated in Ras-induced senescence	-0.215832726713416	0.282476100821758	-0.194445250027821	-0.202413776834808	0.233523132836426	0.275875076061188	-0.281557545051023	-0.238019315722706	0.238131399391985	-0.18326367733973	0.218918392429967	-0.197969447635264	0.353456419318801	-0.322469179517566	0.213314728998477	0.244637320590702	0.18350677935685	0.352010040314605	0.225906453965183	-0.227417129252052	-0.340630221261505	0.232579724778155	0.279152505653665	0.264087672677855	0.267312578991027	-0.293673731244673	0.263238553430147	0.268349680455749	-0.250701688648069	0.299061392983871	-0.273871843605492	0.202744188471545	0.305229291640325	-0.223914854021355	-0.319059943611429	-0.286034969589882	-0.231564337700322	-0.317085354676233	0.281111575529087	0.286142260735401	-0.222478168241828	0.158369924446499	-0.16708324030511	-0.204211044091197	-0.374140971143106	0.218256377714188	-0.256441921251985	0.344227417542925	-0.278704411340995	-0.319788138141537	0.386751711984213	0.201074369583334	-0.33974282640994	0.205869940705499	-0.188160467964822	-0.316646293615728	0.186323965460709	-0.314911577001578	0.188354027122371	-0.277598179108306	-0.198895585937264	-0.219452275233095	-0.251139181645431	0.28280742388772	-0.278970049282468	-0.248569662429192	0.390733316042403	-0.344681006805557	-0.216812501120272	-0.201947185733037	-0.23988568359252	0.199545028436837	-0.420811025961505	-0.32469929361021	-0.177089892494455	0.251001090276498	-0.260360170912643	0.251545053220499	-0.380214718457525	-0.230197570238177	0.194855837694604	-0.27379139473096	0.213878178922699	0.260766302282857	0.234872239852289	-0.278872413717866	-0.176649640299063	0.176244791864848	-0.316465089756754	0.304785120408258	-0.25580491466337	-0.193765322030373	0.222870364899939	-0.2481087323723	0.177548693638268	0.276218268879713	-0.233867677203379	-0.255130021127334	-0.268861160685316	-0.206772058352332	-0.343088108714382	-0.184754396838189	0.19957443787839	-0.294254806126592	-0.376305114087607	-0.184410062611831	-0.301956954166202	-0.418129133188976	-0.20854407096742	-0.396284289109326	-0.275754074106906	0.331903004426929	-0.203624984878974	-0.196387523810282	-0.334130811083285	-0.291758444878085	-0.252213907532917	0.342738326203319	-0.228403964777577	-0.252332564676175	-0.35249382318601	-0.371368866732393	-0.416263068825488	-0.315083679587852	-0.241425285175252	-0.325912952227679	-0.316622659206873	-0.233868317679169	-0.270602079159568	-0.292835099600478	-0.269983311284246	-0.351703189457607	0.208698953734699	0.176514842329903	0.239953005781294	-0.223217209040729	-0.232729542060784
CARDness	0.211158948138342	0.197895204284319	-0.297998302704985	-0.192961491879372	0.337555010650731	0.278503207311265	-0.358237943254078	-0.240483587627046	-0.206108217086576	0.278491834219741	0.192926033948506	0.18142547299858	0.379777336964221	-0.213764507742224	-0.19112086120922	0.405682000120765	0.187805149311012	0.357919884723745	0.165644761314137	-0.166059060623864	-0.315071698106804	-0.193481419978452	0.302846490045682	-0.15219149788323	0.328779271470008	0.208033011865327	0.181475279396003	0.302126266168693	-0.340435093892958	0.368872630527015	-0.254472291139147	-0.149553155032258	0.411497196831558	-0.173639184078068	-0.276625126933155	-0.234701185679853	-0.267234890227737	-0.187475695014171	0.220732241856691	0.338405138299257	-0.142600147834271	-0.163035660704679	-0.163210408498471	-0.14877983648841	-0.292726398322232	0.210428810283446	-0.300737766385577	0.301005788786173	-0.310686864787766	-0.301005057657024	0.300071126822053	0.349216146612798	-0.30275158101709	0.316611963241065	-0.231176557405144	-0.217851449431615	0.292403110972564	-0.218323376801381	0.132506861957646	-0.242620954621039	-0.213837027521879	-0.191882502941233	-0.234989963581429	0.29209657802225	-0.275486323883949	-0.231689717938894	0.272508677689226	-0.224718065791965	-0.269495847367065	0.179265319126415	0.256055294730666	0.2055753780686	-0.403076968388992	-0.293430875134735	0.228015650450541	0.218476119147825	-0.178786015145616	0.319444253347083	-0.358685188409163	-0.216575848727173	-0.265176437087298	-0.225796726703395	0.159673143301537	0.217277608918542	0.243516987970512	-0.181012480182606	0.231822314857962	-0.245651715553765	-0.262321797741051	0.342691081980079	-0.226634396746965	0.267121029719451	0.344676900009748	-0.150724940237609	0.229957134061817	0.364111885437093	-0.186686113023795	0.348031323486302	-0.184487078531417	0.221820707757109	-0.2775674428464	0.263985857420601	-0.306928388605043	-0.235753038570211	-0.291649293312405	0.316407723065469	-0.286932587424255	-0.339457899449548	-0.129416225160613	-0.281682965620052	0.205245720104831	0.34081565376251	0.24875443638868	-0.276836429207166	-0.278957391096011	-0.315583531985809	-0.282160108003287	0.384633767699124	0.262465031864524	-0.218101211901562	-0.172346775604678	-0.232175076994192	-0.311533877286516	-0.316384830034968	0.272668478628792	-0.157182634017011	-0.270214104842959	-0.239413473892148	0.182004433118011	-0.394221127351655	-0.287569156639707	-0.149981653767782	0.229484178874651	-0.167372344871612	0.298532676110473	-0.241675422092477	0.176493012283669
E2F target genes	-0.595949639203876	-0.235415025793004	0.328318582606925	0.477689324707915	-0.500335612598207	-0.35783308680315	-0.161670602363466	0.493170474464586	-0.315631606065183	-0.607569408099063	0.241539837778525	0.255385124772998	-0.556525754166042	-0.324571868496269	-0.259630393874346	-0.651749226786328	-0.318485802276547	-0.41877648914043	0.544210310691999	0.289014824266662	0.495700120102742	-0.191492148713127	-0.653156583798467	0.356672875086367	-0.712115563193813	0.390803065420746	0.219155298404508	-0.70530644844477	-0.218085011232275	-0.582502367103402	0.469399028579708	-0.198678609994094	-0.344786576229448	-0.484137350519824	0.314167495692855	0.214009844256572	0.38415831138201	0.431383876920082	0.403626159733909	-0.282442828782634	0.345038434931323	-0.339059711642397	-0.509124487603732	-0.276041719735952	0.225534234173143	-0.262231424378883	0.609752683974489	-0.383936636921313	0.428893171697814	0.621231806881346	-0.453107747898513	-0.726997821136152	0.571957675135073	-0.283524862144248	0.432173550235508	0.365612930361852	-0.355214194327583	0.3692698517683	-0.441019182842713	0.498429866058259	0.340837340396797	0.216986316286644	0.295733171360343	-0.597115955420893	0.490256527511456	-0.482849774009171	-0.61009236986958	-0.346343303232552	0.50960518854097	0.213839520597989	0.221715066904532	0.279234845461361	0.562792500154373	0.25624623498996	0.38258080501668	-0.436342998835244	0.398534047807128	-0.580480630239061	0.449113144385318	0.20788099401125	0.453498118778512	0.272436883259292	-0.447037360699125	-0.550436326901445	-0.55958599904371	0.365243494474872	-0.293258564777607	0.624687882212992	0.176190424458879	-0.632379420784392	0.243222161495555	0.232439220209354	-0.644405512935789	0.38818705141023	-0.549809861260111	-0.538966560903845	0.288261376839939	-0.592068662708623	0.377350829156553	-0.509364116470221	-0.327796718354079	-0.250046653408559	0.300219779510068	0.282415892296347	0.552568971427797	-0.551884553398742	0.318330768757561	0.49585073297165	-0.469613959126007	0.421325655133646	0.454799775683332	-0.675148110205771	0.192032119483556	0.474330765695835	0.353517789819972	0.57887871002283	0.3458975447084	-0.737399612148524	-0.28723263766165	-0.19155144675139	0.415479612502948	0.559885915240551	0.465137951855045	0.242054703324294	-0.547617919888944	0.243836607509163	0.539103296071632	-0.608470988135183	-0.260045735374613	0.50526463414484	0.350424398020869	-0.247416887097719	-0.666458695974575	-0.348512094271862	-0.37191476653829	0.401381984449245	0.43939919771405
GO_CELL_AGING	-0.307139899841436	0.249958834709192	0.286322054170345	0.241592312406861	-0.200950055687495	-0.306611062385064	-0.190819364810276	0.256039603137806	0.27670440118704	-0.339456884530111	0.198845647131675	-0.208632594279522	-0.175296908690428	-0.351562628048036	0.210942375501618	-0.341165280864651	-0.311762908603415	-0.199638167499182	0.33249984569645	-0.281826073404737	-0.213992278039059	0.235924676817579	-0.214972770352859	0.216493088743245	-0.333071435154567	-0.222751677467228	0.260253531977783	-0.304561929850809	-0.235090979035966	-0.240665978304336	0.236981434026149	0.209554352185887	-0.194662258408963	-0.2848192014644	0.205270331586919	-0.242194213339563	-0.199797405013665	0.219413535802968	0.304204239801877	0.200416969166982	-0.215188028505304	-0.235525153785373	-0.289672152680297	-0.204644232425315	0.213067305260202	0.244727958966148	0.227100165026609	0.206626948516022	0.284158143705482	0.248866941554418	0.214424236014592	-0.356512523737213	0.267231147531803	0.220320807321235	0.233633839092175	-0.203292006986518	-0.232001749085145	-0.213799042574578	-0.293393986388381	0.311646434516848	0.31024363404883	-0.203709106150272	-0.330188439652543	-0.283130287236806	0.252378792594163	-0.30260628492309	-0.266900640267827	-0.38539977994078	0.273989880188619	-0.282779073845227	-0.210120662421288	0.222229339142995	-0.246025799810105	-0.245007354327842	-0.198139537667052	-0.209341893712009	-0.21097101211746	-0.296782574406603	-0.252513436249121	0.247060145689256	0.262487202308013	0.202054720414192	-0.205971082260662	-0.278388398633278	-0.246592250535752	0.264320321618342	-0.289162702615622	0.342490898776748	-0.168749181980122	-0.276649077996472	-0.19994144388614	-0.188842452573011	-0.34906929183407	0.250854254484734	-0.335562216771203	-0.222430799716025	-0.241513328954058	-0.437921598410289	-0.245664083087774	-0.379113133284038	-0.20431448779393	-0.208698160958552	0.23938527818827	0.188767692497745	0.214401458340389	-0.40168553641411	0.271716448046476	0.169561062871432	-0.244436304432213	-0.198467844525175	0.249633949804497	-0.262778980838202	-0.24890167506074	0.302991478312324	0.220633782705943	0.263788658369039	0.260703809339778	-0.313362646302677	-0.24903116042728	0.280563146213317	0.219375972309276	-0.21304504585397	-0.239427870622915	-0.290969399587314	-0.391775985388691	-0.289232312027016	0.330613919843384	-0.249815712371909	-0.377120681267536	0.283305197334909	0.212985384029731	-0.303399069039477	-0.323512634634126	-0.28585651403326	-0.278396059698309	-0.196523786708178	-0.204858766866926
GO_MULTICELLULAR_ORGANISM_AGING	-0.380040698311887	0.303286738932419	0.227639344683337	-0.298182467516575	-0.299089754692797	0.280226328526382	0.21288529912497	0.237373358184567	0.295177233633488	-0.243843664951674	-0.210997031043422	0.311804072064848	0.268357394089362	-0.148361300894681	0.206739182705459	-0.296474616058775	0.312808235448757	-0.234578867344169	0.230598152255949	-0.19795130599218	0.202227360839931	-0.203690974649491	-0.278169493856846	0.282902704863151	0.239230010623351	0.261127744854402	0.340502327237654	-0.280618477077045	0.175340156093221	-0.38180075846143	-0.318099104963152	-0.243712244921835	0.27640957252249	-0.238083555200961	0.357233727879039	0.237285156462757	-0.190946065609468	0.256354652963393	0.264508095239244	-0.228202320940563	0.197218013655388	-0.257905519170868	0.234696942633944	0.178591859575505	-0.289784494952585	0.38003780925624	0.288026807888116	-0.226100498576073	-0.25069752214881	0.247772957826755	0.24084254429666	-0.292686670250085	-0.276821097207542	-0.342223823132112	-0.227442706950208	0.221109281462539	0.273603368416677	-0.326758284403332	-0.39654693765636	0.370734452311732	0.234430567489383	0.236312444877563	0.190718593863819	-0.304814070819499	-0.272407120383457	-0.381306917245825	-0.251897037034825	-0.27765345213285	-0.259217663145337	-0.317724101318867	0.311427591651413	0.402061527163133	0.225271061082103	0.219389830534246	0.186113029960329	0.239297218723538	-0.229537888369362	-0.376708704244703	-0.300185949435455	-0.265953816832582	0.218484872546701	-0.217576895742607	-0.226102395704435	-0.39359930907987	0.239452196854172	-0.330082631904042	-0.23222841217628	0.282208206270308	0.24722887617449	-0.291555546846512	0.241432818720455	-0.259131050331212	-0.25313500691768	0.264425676889997	-0.370988327137085	0.309537337925841	0.338650586404846	-0.336764696938897	0.328130515058964	-0.291864281456722	-0.322381054737744	0.222952157216577	-0.368671214542753	-0.165740238768418	0.23098661406717	-0.357068674016389	-0.188048361971172	-0.248842483806932	-0.33777082735665	0.243533142276098	-0.24049979507392	-0.299981532511469	-0.289139620543439	0.342192355565656	0.181941307424322	0.321870904799331	-0.300181649142373	-0.247308647677111	-0.37017301338813	-0.379237983059222	0.257090569759431	0.203451489260823	-0.321041659142637	-0.164409081584913	-0.221506032950205	-0.34952695158385	0.200720283750314	-0.413382049063007	-0.233257803208608	0.314293983408097	0.230101919547087	-0.239530765244442	-0.449782497470781	-0.278817938155547	-0.343141219253918	-0.212743162376685	0.248183368794432
HALLMARK_E2F_TARGETS	-0.613974456670135	-0.213145869146011	0.348238070737389	0.476469764392387	-0.516526950626835	-0.36716699883385	-0.175710733094524	0.509147704020646	-0.291997172944246	-0.620026616852142	0.244751936849044	0.282119228670785	-0.555501674995064	-0.338407496348451	-0.257806317137583	-0.663884987500644	-0.330362213003468	-0.415468501922374	0.550299103800337	0.300948805646907	0.485160703329	-0.189245098103836	-0.659514125017268	0.365420948952965	-0.716497100828234	0.399394286667197	0.222988661894854	-0.722094405349944	-0.203449802601791	-0.593078222333556	0.488203302110529	-0.19257136044467	-0.336824205630151	-0.488283333682153	0.315665765849605	0.204154898831484	0.371719767293134	0.444902216711822	0.419518730705502	-0.282873469008077	0.366479890626329	-0.361616936075685	-0.528364739911677	-0.262696953676502	0.211169628008083	-0.246508686666459	0.616366082313209	-0.384088454559748	0.422604600529036	0.621642893969512	-0.446965678530476	-0.738420268182474	0.566170312715968	-0.293542517988728	0.431564323733012	0.367391762962606	-0.366650512910886	0.381850563021319	-0.453820803592944	0.507157463087002	0.349694481696424	0.190013325440697	0.311171339997055	-0.616619114036699	0.499998883477325	-0.470076034277798	-0.606236413136774	-0.351147168947727	0.520164914000867	0.219339417014306	0.229773572420533	0.266844236132986	0.570219000687434	0.262918203038719	0.389523596811836	-0.44208973889171	0.406432286964404	-0.584367060413579	0.447100531423658	0.213868952808129	0.476443906903086	0.261409484228853	-0.46640472415917	-0.558838655417887	-0.573024899196544	0.353055279823305	-0.29974310552439	0.625826179672723	0.168257507954544	-0.650378771439047	0.256650642493408	0.238868711828627	-0.665099597957208	0.406896900660392	-0.572994797472101	-0.551244912966155	0.28002496419416	-0.60297315107455	0.369077432746408	-0.521331922076807	-0.348138820531996	-0.278844225301882	0.300176020841592	0.305904675336163	0.555273790599483	-0.556610243500002	0.341542881011306	0.503389894643274	-0.465337747045461	0.439968077752511	0.481312899590265	-0.685408861197757	0.19357156142299	0.489790473552582	0.35463591488734	0.58484256753781	0.337226726654107	-0.74530502733719	-0.273095216785673	-0.191775791570881	0.434265651284092	0.567452300605957	0.465924622327252	0.242724793313767	-0.550595131886599	0.236919125595658	0.55526134612838	-0.617835507891907	-0.252522886477414	0.526939842631271	0.349498385991098	-0.259918642880681	-0.68804600100822	-0.362801119394834	-0.384625320065118	0.439184420705415	0.432910067749843
HALLMARK_PROTEIN_SECRETION	-0.250073559223543	0.324774220256767	-0.178546585083138	-0.303194082506857	0.280397547146676	0.373169472375519	-0.271840976544273	-0.223061844810219	0.253305806775602	0.30413230570318	0.253305162367717	-0.18607501655269	0.322499328143405	-0.223920400048722	0.233958056649306	0.3267816510818	0.298349825886591	0.395169338544338	0.273447298669818	0.207581079854006	-0.371298372817026	0.235296544671575	0.324302634265625	0.243150631379781	0.349488140599073	0.212306585693364	0.291778848763872	0.355378138504039	-0.198834481011743	0.334140302561596	-0.290431480464014	0.252003285381724	0.310115907062243	-0.374906291054627	-0.202056204241391	-0.223293500248074	0.23895374393495	-0.218853222342801	0.231581755787616	0.327619858146592	0.326890310408056	0.264891836221252	-0.241892506194451	-0.210904600769089	-0.346640439360694	0.204160313173473	-0.266802211325844	0.29558315366555	-0.290701625159825	-0.255730186883936	0.339948559785205	0.186401197048192	-0.400221044066952	-0.217553893655068	0.248672662828742	-0.327820777542994	-0.235774655417283	-0.261605317763136	-0.2761305615715	-0.207774587339688	-0.245107200702076	-0.310377762435386	-0.369441953050661	0.277479457157886	-0.205770840129993	-0.262796873121139	0.276491304027629	-0.382086517387662	-0.224719352359378	-0.207217708335976	-0.290996297249355	-0.262101365283811	-0.326652264091934	-0.321707516474087	-0.263619885039566	-0.332759884004759	-0.215558731667476	-0.208182517526689	-0.319861107776792	-0.356727867242903	-0.222350743065611	-0.257453457314515	-0.225056216167564	-0.223915710540113	0.212740554460844	-0.276867079872007	-0.267959063701705	-0.288928348538919	0.213381323410185	0.397196364422724	-0.325019697073978	-0.285144242286227	-0.24854483502061	-0.359767126957079	0.27465936520061	0.360849733712168	-0.391113945095747	-0.450181995333364	-0.330698038284385	-0.232994721604563	-0.388515967504847	0.268606404410695	-0.241092515891429	-0.261249537006303	-0.363300643104828	-0.229445334787392	-0.314888592290846	-0.372285005206464	0.272635114110108	-0.342229750571986	-0.251571608115593	0.3173961130074	-0.20998406523198	0.25215035652179	-0.278061945072472	0.240476654584452	-0.314484448999203	0.351849148040033	0.21548440564616	-0.272425804811292	-0.334334144338989	-0.36091050904107	-0.294647595651564	-0.251683860181573	0.199644432423072	0.208215242244862	-0.315281265332087	-0.251736183643997	-0.266149501442365	-0.340101655226595	0.180514633247883	-0.31977828084449	-0.195542422479964	-0.239347665230357	-0.231821133860303	-0.242416024792713	-0.326948761041538
KANNAN_TP53_TARGETS_UP	-0.244297812939352	0.24673655385134	0.229301696442727	-0.227441160546683	0.336628145455496	0.216989731664037	0.223355727961454	-0.252757830169123	0.341260049467125	0.249261073796729	0.293743686612838	0.184288630769631	0.421388226806384	-0.280045875603218	0.266314097204999	-0.16122347233609	-0.32257706163503	0.267265598865099	-0.182803306655304	-0.215423945573792	-0.36844872085517	0.275530126623372	0.442407669877824	0.282743877179106	0.293705428556025	-0.260203085684098	0.250713179974827	0.32456308402023	-0.19894897586843	0.314750294050752	-0.316249544848578	0.308520203935226	0.337312675942812	-0.268809023827865	-0.27672851363416	-0.24404173253726	0.228984860933295	-0.260641937750092	0.322835939121598	0.255683733220911	0.18816478388964	-0.189982479734644	0.272336901934904	0.267460865365419	-0.322327947961373	0.375977635590604	-0.243506881657933	0.394414022560461	-0.256258438571831	0.18433735470927	0.421335775313923	0.239614355608742	-0.260986695743801	-0.291040382840197	-0.216199356930737	0.198747166188036	0.232559721727237	-0.371314643258642	-0.226686586565668	-0.309220775445498	0.198975785415239	-0.3393979446532	-0.299652302371302	0.254672912900079	-0.276308221938515	-0.279554686485429	0.250676850827973	-0.419470221463294	-0.205319352741577	-0.21169577331462	-0.27022873954727	-0.415465051077961	-0.33185024297826	-0.289174017095112	-0.248247046260613	0.261369269255986	-0.37571199529324	0.221736292218947	-0.230264155886654	0.21668175747574	0.177172555636845	-0.192184427615072	0.174666462296709	-0.24815847403287	0.311820467203167	-0.242258391715618	0.208002626262031	-0.358513795035945	-0.268797234152783	0.196892692980623	0.28948173772196	0.249841848850032	-0.182656987196243	0.216151548167299	-0.259486725181379	0.244731432267398	-0.303202214707473	-0.43958696683233	-0.338920511333963	-0.240656969374411	-0.211737807181899	-0.257532959528286	0.192686062877227	0.245958486478596	-0.406302541737934	0.202986354237764	-0.290378464874257	-0.361976861814195	0.20607679839714	-0.378880647934381	0.234366394465332	0.339673192936627	0.217762147401784	0.238362100189208	0.262777516421795	-0.269737454622642	0.323193929761409	0.304380569080099	-0.356577741738361	0.323492024765711	-0.287134758051206	-0.253393665304614	-0.33207463529622	-0.291490221438866	-0.313040148423227	-0.270269416064339	-0.352416954041238	-0.232375429054059	-0.287052437095878	-0.210473831984409	-0.269832297252209	-0.301680457513665	0.246914260492144	-0.175032346757207	0.172617620023453	0.232289332974945	-0.21124552253463
MYDness	0.164352650262971	0.291940501165373	-0.400341921517141	-0.236531746137557	0.498181191674585	0.186878626325435	-0.402245119025021	-0.293249663452251	-0.147252757563999	0.405938277277528	0.295897522382245	0.318583968135589	0.623642273834159	-0.352410888268299	-0.252517502720896	0.47581484820859	-0.156766738603684	0.485921644998048	0.164582368782524	-0.216333398837127	-0.341463062155248	-0.327897418471493	0.600340380582141	0.135817917741925	0.567457218797181	-0.249848257948575	0.213450445560963	0.569259303571162	-0.366869921729951	0.585169007076327	-0.32610433039502	0.230595001413192	0.472413745525659	0.22020825944348	-0.406780878304883	-0.324039102673127	-0.254042882177643	-0.232255887325753	0.19602934307662	0.281913683225493	0.273640887368482	0.206294330073698	0.134639964655714	0.337058161569637	-0.417017686604101	0.31261195136334	-0.310459442777214	0.43580512988637	-0.411019475086064	-0.420463263098025	0.518244312391339	0.464904289590094	-0.383827037546027	0.253520274789786	-0.27056088882209	-0.394112066356791	0.349288237641099	-0.380981116437342	0.179197962730597	-0.436356227466115	-0.252484948896239	-0.366038460238402	-0.317802877343968	0.502265307129905	-0.196748154291749	-0.325664230123015	0.335748582894948	-0.37420334373893	-0.413429410148831	0.303257688708207	0.457084277191362	0.312300438361262	-0.499203215567065	-0.416833611834433	0.395905687486398	0.173909698952072	-0.193148176154283	0.422857720569886	-0.430194558172037	-0.131589451427122	-0.330020611156874	-0.355763752953873	-0.327663037408537	0.460267823966243	0.364473855090504	-0.15729209407231	0.283079906560798	-0.247456761065887	-0.332960638730134	0.530724442903785	-0.321536584904862	-0.310529035581881	0.48747926851814	-0.169330168443245	-0.167316418069824	0.481483826838068	-0.340393180084282	0.342509954901679	-0.370425985929659	0.157362203189501	-0.439023433872059	0.280336138178941	-0.359712998062782	-0.415299964992745	-0.389379025606039	0.339374327330106	-0.344308367748226	-0.436496004392513	0.196988471741867	-0.472361931397778	0.349623792869612	0.608597760385282	0.352914810499458	-0.450490031523284	-0.400805824815473	-0.404459856340282	-0.244894812546837	0.655492245034957	0.362119003475404	0.18932907894482	-0.244982428780773	-0.214219232198377	-0.510128656026683	-0.378080321124682	0.244224397915414	-0.153815125445921	-0.202185608452516	-0.276349363291299	-0.208882757456697	-0.323184559623145	-0.276312228416511	-0.363911683737383	0.377287553034513	-0.224185597687559	0.362873258081506	-0.271753399858024	0.16190877268838
Negative regulation of immune response	0.1865500384758	-0.255679222453704	-0.252104639068148	-0.274204384178047	0.249098961551675	-0.216790713982641	-0.359439940015711	-0.326186805686678	-0.191621093785401	0.210918043507796	-0.277959416832023	0.162153341394937	0.3998345049371	-0.385669343006309	-0.266928544087866	0.268655441390106	-0.160944498917014	0.266903994312371	-0.201814216107613	-0.246150687082114	-0.349083001315514	-0.34463218954042	0.361516109968659	-0.171928451332756	0.396781266637948	-0.302688503946197	-0.224544963150752	0.416122208584242	-0.288689963728026	0.398620700006784	-0.359437102369405	0.246242088815249	0.281256414445133	0.229645550753759	-0.299562654754795	-0.309069594035502	-0.26001059363055	-0.285861128446079	-0.185130518360145	0.236079175997701	0.177901391369575	0.193216180725902	-0.272436939072473	0.203157847266659	-0.334250370521642	0.210249289136461	-0.354945946127343	0.230046452087157	-0.338003107501869	-0.415227230939033	0.200781682328528	0.197630546077372	-0.281885417192952	0.277386523358989	-0.211054885353492	-0.237415855796687	0.261864562998663	-0.307290194444612	0.383514275829268	-0.263399316819622	-0.241754450624057	-0.266328872757817	-0.302606930456158	0.464274916672582	-0.248677619482907	0.159125305022713	0.269187566424392	-0.208416179116998	-0.265286313791037	0.295791308439584	0.367508201406729	0.344833004518361	-0.471851400387278	-0.25570783362801	0.32421739742225	0.146134070992812	-0.180417259262305	0.333626905622555	-0.405710458508616	0.167323804907609	-0.304142564063722	-0.324525514741092	0.246222267865878	0.371408063587764	0.217033779287048	0.292846818170552	0.205747496071655	-0.276617439224589	-0.205348705188886	0.48047609564504	-0.216177231368018	-0.201205347741719	0.36504785635649	0.203233362348365	0.305544877239741	0.339529915613221	0.196569475672417	-0.15518133949564	-0.27125075395499	-0.167323824001767	-0.279638662993589	0.200622696683946	-0.297922402875312	-0.283200552299478	-0.334367360163333	0.280503694192032	-0.258118643567633	-0.389489047666933	0.254718464422615	-0.279390746626948	0.25601231015738	0.442206693099864	0.28979854821186	-0.294663763609238	0.218582174280452	-0.399659259993154	-0.192927007853676	0.452412139777181	0.324846350194724	0.17032884131429	-0.209260386557445	-0.280729556204085	-0.343901570929226	-0.298331763443164	0.261927320023588	-0.22184628773031	0.169166388462952	-0.149894782094463	-0.177932313838729	-0.298673708753761	-0.305091581106448	-0.285182688675106	0.349271146433832	0.305526786577098	0.22630620917255	-0.239187829125025	0.16764053092069
Negative Regulation of T-cell activation	0.154336007300895	-0.208040176345157	-0.319707091445147	-0.25692651978038	0.272353399408756	-0.203877254888406	-0.414059589246858	-0.270966601788714	-0.256664345079671	0.169414219250469	-0.242926078840731	0.175030403801174	0.352931719111178	-0.473593556367752	-0.277939752704082	0.241008722620569	0.133116005325968	0.239783032279818	-0.237748181356948	-0.239955758564629	-0.467898866105043	-0.296681733696873	0.337528794843989	-0.272246485321059	0.380888945391629	-0.265264950096093	-0.194400532704076	0.364732507752966	-0.224733401639412	0.39759001894453	-0.322421720018579	0.258632853243475	0.251164534989076	0.198547818873355	-0.28088366852545	-0.365702361350027	-0.156173021394444	-0.262880263619892	0.241870319718653	0.238463536141787	0.25425816515999	0.209846532055591	-0.219050619063286	0.274379861915831	-0.351194156229814	0.223369193461337	-0.276144366072282	0.233432964154754	-0.361124952280085	-0.422382200779869	0.27263457498856	0.186965276397743	-0.195488862957763	0.264554473887805	-0.300285287332143	-0.246934490466372	0.37670420262583	-0.388757014332547	0.379435050357938	-0.226610674584236	-0.192073740039249	-0.219077416325042	-0.352483748472543	0.429031896820798	-0.256194793756905	0.172319648811404	0.249989182305497	-0.218803391293508	-0.306882315833126	0.305051039554525	0.34567498059607	0.359078533386575	-0.520587000473466	-0.274540477921044	0.324941094297552	0.209198435007206	-0.338456519199563	0.381379642387849	-0.401067102843385	-0.208646560747484	-0.299152681419483	-0.227503085261673	0.277597704826328	0.315453545011239	0.172280217737336	0.389151320452704	0.222278930802449	-0.297014773824807	-0.209824585689214	0.440581559806712	-0.224086366816223	0.209908183861366	0.341635335934333	0.202689708070631	0.288344736510231	0.301523598252887	0.251662017200767	0.148168030935291	-0.343708531417199	-0.170036599514221	-0.328745359835215	0.296133238001242	-0.263762204566258	-0.278922115964482	-0.367555217692551	0.197351083304356	-0.280265712087304	-0.427717362192591	0.269134806028186	-0.384931402493699	0.242794075441684	0.470186613691438	0.28267954399629	-0.31300375196761	0.283505815105296	-0.372243559367261	-0.22406311363614	0.427483935287321	0.316023549392645	0.254747867515175	-0.239399762080856	-0.287475007316842	-0.414526329445175	-0.22642077758148	0.20671466022135	-0.26980861138131	0.172557533009018	0.258601989103285	-0.273673914824526	-0.349528774013415	-0.267543616074029	-0.377338159963803	0.245819688560474	0.260947268232626	0.194869063280017	-0.265865015923923	-0.186366022415017
NF-kB activation	0.20846838394655	-0.2714331078617	-0.317010970783535	-0.163870937896625	-0.214310023369263	-0.200927722183075	-0.259088085915176	-0.327824549973969	0.194582662109691	0.342992813586598	-0.244501105011857	-0.17056940362526	0.296618468992992	-0.470523094751798	-0.188733839890928	0.287627512845339	0.259419280171279	0.217994217947874	-0.238803628318382	-0.244679697267823	-0.261001639156161	-0.283649156487325	0.33684400838161	-0.228759591170682	0.290867124153448	-0.254908058670615	-0.26528947805035	0.32731186924172	-0.18591077513474	0.26980898520471	-0.201349090664185	0.244624300221762	0.237863771991436	0.203764310579659	-0.320482542466123	-0.252778331191151	0.186267823990609	-0.249564278395571	0.185273240011946	0.304611920846691	-0.204518259124092	0.272508528504377	-0.300206816763389	0.219966861304059	-0.266011101556444	-0.206335152113072	-0.231212938443861	-0.208155841796466	-0.379087513443926	-0.325235150313996	0.218491255916651	0.265982335913528	-0.291058102563186	0.309088702428885	0.189133247628845	-0.240030452037371	0.228195442662034	-0.260948314234695	0.329701326548622	-0.289224530089944	-0.25397866772699	-0.232722739855743	-0.312257464384979	0.394622839805868	-0.188961682487278	-0.325404782566466	0.225561339583324	-0.32003054787777	-0.265129479197614	0.18192137327319	0.275308850380232	0.250514956259519	-0.334447380860025	-0.279802301863922	-0.227530557913054	-0.256980065729166	0.183791580444501	-0.20365384563406	-0.3968730476165	0.230174442190114	-0.295307570486705	-0.172177038734738	0.256764720648665	0.303785217170142	-0.178252228571908	0.248603259345475	-0.193213472002494	-0.266703277494961	-0.223447528915017	0.42173840323234	-0.271747202611915	-0.268667874261261	0.28736038552984	0.276169253197427	0.263704117755778	0.244416076848568	0.289735217252471	-0.308594085715248	-0.406092266422956	0.224755527420428	-0.206709708356045	-0.267063338395683	-0.372623907586817	-0.207522638274128	-0.335414346375725	-0.177406623300683	0.179280923279158	-0.422899656135198	0.284782009372783	-0.202175304615165	0.251097317833476	0.436705864273176	0.296499994179122	-0.328763474571077	0.277551221473475	-0.319254721240651	0.298288679354324	0.367654571261442	0.227230386083602	-0.203932369049366	-0.227374774070017	-0.404696618450671	-0.240844500217092	-0.361269173253954	-0.206162830456289	-0.386906799425146	0.22563088061975	0.268282399150663	-0.240318501744998	-0.271021178241284	-0.308016338906121	-0.417792368569539	0.357990602194248	0.22608534983394	0.304045828464287	-0.277975579454883	-0.284596833935295
NF-kB Cell surface receptors	0.260158966716395	-0.323368875114235	0.201909338430252	0.286990447316347	0.37531156081372	-0.219370302794356	0.317920093466546	-0.365185236361031	0.309978989226209	-0.226438104924591	0.223992054465983	0.427127949330657	0.417570466595153	-0.23561202142646	-0.536906431723318	0.271035722524435	-0.379660228451088	-0.264241601555223	-0.505059121941695	-0.483332149338381	-0.300545232515827	-0.213403377980738	0.2868898130335	-0.304278514800188	0.300294240705322	-0.231488985892605	-0.355684914784342	-0.373249565895099	0.285717549173341	-0.391024914160947	0.3786306449552	0.30929483328712	0.413644508203837	0.369532510136111	0.324856446114526	0.552215247093199	-0.295528356177415	-0.378477785103575	-0.220285090433714	0.405420586494049	0.446273796593265	0.241835370488834	-0.313640334557252	0.305477369677074	0.24442069719042	0.224263369130597	0.29915903322962	0.456008029320419	-0.235684838908459	0.180262464429828	0.48571790169662	0.225123197298102	0.258221559860945	0.324866319606678	-0.342517087890278	-0.371473353076907	0.287234132741522	0.300967107276221	-0.255787382016869	-0.243052631441976	-0.516172225012907	0.341806021493844	-0.33875494256225	0.374204040020722	0.326409426808669	0.527660764045468	-0.250834307876945	-0.482588026116851	-0.476289327280108	-0.271662659864105	0.30428670037732	0.399715708561993	-0.399123552562597	-0.306912509330964	-0.542377077352701	0.373330456374369	-0.314427462241406	-0.334965740469379	0.188221131983291	0.449906973672503	-0.479344383008061	-0.290314854783654	-0.277236735724331	0.366592488170493	0.408948878591202	0.303562049051579	0.44234419308152	-0.474864241197239	-0.29338827185378	0.311289337068013	-0.526992056945303	-0.572721151714677	-0.191461659378272	0.277153155651058	0.342557267181822	0.33996414852753	0.351497017379605	0.437256827096828	-0.15017386984599	0.356795084242708	-0.375239562000686	0.300787652509599	-0.241977352583086	-0.29509458107504	-0.17768650739288	0.331799172061705	-0.258171882762026	-0.450758733939704	-0.196621957277678	-0.269276248406334	0.375895869282264	0.401799734718579	-0.337274110136708	-0.374731504935594	-0.345961444783674	-0.33196370727581	-0.322924693534031	0.234986412108742	0.342226190610513	-0.430948063046328	0.248323660359108	0.354523138162334	-0.219808163453052	0.22088341548062	0.368381022067365	0.278075468956517	-0.392741863897143	-0.295756456372869	0.367778236286608	-0.229900067363727	-0.303249126823961	0.269850251239642	-0.335129378042796	0.173402960598349	0.317792229740864	0.35441828058228	-0.376901557417052
NF-kB Cytokines/Chemokines	-0.229822016987159	0.333031155672291	-0.591777734538076	-0.435406445550082	0.250246720039512	0.19467936626576	-0.394096561120226	-0.376369461062497	0.224065959650186	-0.236298708817968	-0.39084512148859	-0.224826260688839	0.619690710733792	-0.574619094602857	-0.356609602936382	0.4209805771066	0.255401347533776	0.411417794359478	-0.34960476686965	-0.413502978607155	-0.518996531324166	-0.567293542983889	0.294074541010092	-0.384309594033587	0.443607395472549	-0.520696908370582	-0.274079868948652	0.586973680657962	-0.438637346008208	0.493241484870267	-0.44953689968896	0.354142934117915	0.260576169262393	-0.267723160916715	-0.53589093128488	-0.262793356002811	-0.308600093791156	-0.414330563531328	0.324274830220673	0.261188730806228	0.211975003461331	0.394852707796581	-0.282842471737489	-0.334267851756279	-0.335478054764834	-0.217971830641446	-0.327185004365227	0.326879748724992	-0.555070292397278	-0.554103435899862	0.303076486464926	0.236769205839243	-0.437974359091572	0.378590923705358	-0.596032340476497	-0.476108311252248	0.330003729306434	-0.204508953372903	0.536690097901561	-0.615347935845009	-0.482410915827077	-0.419339277988693	-0.326631481394	0.598744801629574	-0.309039651859529	-0.323721643871267	0.301097043730365	-0.325436689769761	-0.333392292742585	0.589661749683556	0.556215740995478	0.432750520404733	-0.626616034426359	-0.422938321900239	0.411016024607055	0.372278567997919	0.228728881314964	0.535019013500337	-0.684210089500346	0.269897032706587	-0.37617255372342	-0.239492976897018	0.405510953016305	0.624480270053966	-0.255567354507059	0.427758861290092	0.464885377099411	-0.312967652213113	-0.50411755224243	0.63873561046035	-0.217064673377489	-0.219605085909534	0.526018384609309	0.159974449006055	0.332747624737468	0.22586121405727	-0.258108230852933	0.423195690169717	-0.573973913474256	-0.262875674605887	-0.444325572511428	-0.26355939223314	0.202198434176787	-0.47255423407291	-0.404358031030191	0.629119792740721	-0.319256300223551	-0.682779814930272	-0.252822547853033	-0.570970445826011	0.232370755804719	0.695124477849062	0.370160205886004	-0.461950823995772	0.234011383740007	-0.47603873583291	0.254785870521804	0.627511654833014	0.437334366507149	-0.363122071004398	-0.265789603730161	-0.351802789580678	-0.538163172446529	-0.31343331856992	0.464779513564847	-0.196953791239123	0.387117401207665	0.290406515916627	0.432640720262678	-0.545910303442905	-0.397328875784988	-0.190472613362774	0.626229322834083	0.391474722300773	0.565736836761977	-0.36436785597607	0.356045578966182
NF-kB Enzymes	0.342365959886307	0.3096374979667	-0.382695655243627	-0.23723131968892	0.357052960553143	-0.291133715005376	-0.38689285820464	0.260748445137233	0.273935457312971	0.282683689246207	0.238706367297876	0.243404221819899	0.401611901779749	-0.361542033848836	-0.239620521051032	0.335113071771764	-0.289178672509271	0.264103222592127	0.297036491026693	0.214179730889021	-0.350619818146105	0.231092039920541	0.44728894847983	-0.265478160039178	0.459675901388035	0.282055018868126	0.230717991755796	0.392116617163367	0.214882226143164	0.480162884078898	-0.456653217644639	0.332493709241263	0.401026390014237	0.163258701866915	-0.450257105598044	-0.273190024043157	0.254529390099549	0.241097243774321	0.212483583771746	-0.225522456168059	0.421785417162936	0.322703908489663	-0.262296834305265	-0.382070242548092	-0.311259726230843	-0.250267287455413	-0.318738163326252	0.371086238259477	-0.322413814516603	-0.388154640677301	0.304343278382364	0.2343233634413	-0.308529924770279	0.287189237310463	-0.343328584809033	-0.374147359888892	0.223455323260568	-0.259131787245786	0.299262445425835	0.251715508353132	-0.31935042293803	-0.35416422593209	-0.22590128089761	0.496312798545621	-0.34631904310955	-0.314564619589739	0.25532693512132	-0.289830609346636	-0.310746563821272	0.262703498980149	0.476045843479296	0.385090986882481	-0.506183846175308	-0.277341919054651	0.393532359440026	0.224233644786995	-0.265084485080613	0.439767099034014	-0.473367477629114	-0.282377166975316	-0.299784969006789	-0.489758537336418	0.214414989494267	0.378028065680957	-0.24040476574745	0.305678615381504	0.200204341882583	0.216651384424547	0.370240440203122	0.391411542043326	-0.313558057603147	0.270170007308395	0.47271202249061	-0.180979362916871	0.328242304658134	0.45463643861844	-0.231159265017838	-0.163354573588273	-0.439603061145731	-0.273174494807323	-0.522996894112923	0.296483962063385	-0.444257864492976	-0.355540750593581	-0.339937968263652	-0.205251851938689	-0.292774021711574	-0.548478329796834	0.205345579246334	-0.353103960340325	0.3337050191577	0.429244577944452	-0.287401502843264	-0.207385434608145	-0.324184315910119	-0.343052873551482	-0.38522522781624	0.444276318789331	0.266038687499164	-0.206005909971186	-0.313222068643251	-0.369824556639845	-0.544530940538993	-0.449461784231721	-0.314568999357944	-0.355145927609185	-0.23519849427783	-0.338704240535265	-0.246876762819312	-0.405953345152225	-0.251989095812541	-0.428020874921728	0.257953253843709	0.28794243978488	0.395897626920329	-0.380648198253653	-0.297472620282025
NF-KB GILMORE COMPILED	0.160516258087805	0.18844350558445	-0.27714115606503	-0.237969700418089	0.20279002566978	0.149453500678876	-0.27755130197832	-0.270269355811706	0.233871880785183	0.209771801566213	0.183162708610903	0.157692107305167	0.432550285659291	-0.365377659126356	0.177892558133002	0.21317915093037	-0.14592657784401	0.302867621876908	-0.152279127079396	-0.227714384068327	-0.34441251039153	-0.249274026382753	0.341469009241138	0.192008045912781	0.315728815165863	-0.248135568291333	0.161687992102843	0.326163285057668	-0.223751776249874	0.364163097809633	-0.25446601643674	0.225272037895285	0.336850416487971	0.164259590242491	-0.354492170474568	-0.241343076883453	-0.226238050961103	-0.273766198564097	0.255392768545674	0.24113947961468	0.159104018329263	0.199883931737003	-0.185496380991085	-0.148413125375586	-0.312246716034659	0.24306515314895	-0.260299596917369	0.314530167163187	-0.325211681365553	-0.311780818771063	0.374663717418912	0.190233583598979	-0.251869695342529	0.252281436386317	-0.214756302752003	-0.254417654304962	0.27202402015686	-0.294956318532447	0.249683614178335	-0.247995672245492	0.166000504027155	-0.211496264082463	-0.319761931523582	0.360828016861732	-0.197865386323627	-0.160696705234622	0.334306207701831	-0.315877837134876	-0.19967849838821	0.201217247817014	0.271609034065677	0.269158202982664	-0.409641129622775	-0.281102295048122	0.230222913082746	0.250576757035566	-0.270039951095033	0.32600003155711	-0.421086848201055	0.210327585455092	-0.24661467826288	-0.213316918515468	0.247062934754762	0.343623667820749	0.255127063061225	0.17044080640117	0.247676547375454	-0.189986649290533	-0.271987299019592	0.396081861183688	-0.191342250839573	0.233052091939807	0.34558302526567	0.169336702493601	0.252799945029949	0.264755302820555	-0.156449873106135	-0.156096069479757	-0.273490688780333	-0.155800539101127	-0.278774198600368	0.159648893547213	-0.218900232506358	-0.223012742882267	-0.341229382655265	0.211427735140118	-0.220850494285283	-0.455592196664321	0.215182533626224	-0.367728640613472	0.169749510583507	0.415461645954086	0.256412157620558	-0.287660782829756	-0.176270292709512	-0.337231287139466	0.15267782210805	0.459095816480929	0.252760944844128	0.198636353856934	-0.259005741165427	-0.332630867371286	-0.404124904397335	-0.311436453019352	-0.164997385681222	-0.266016268664738	-0.170902192920283	0.173321211648072	-0.186981081605546	-0.269758851410482	-0.257028374779299	-0.310508940648064	0.287100595133782	0.224526066687826	0.317322053285169	-0.196798619399146	-0.176990240277345
NF-kB Growth factor ligands	0.50459904113347	0.562095947803343	-0.203527074018859	-0.374835607069196	0.525483245758902	0.20811358409366	-0.313773836431053	-0.240076769803777	0.405661197150714	0.657409941694837	0.35841732381387	-0.298648060707186	0.199006458022891	-0.227312703457982	0.605390946077118	0.207093260029994	0.480718286616621	0.410680285907824	0.442575143039774	-0.244469382747045	-0.14451780285751	0.389874122378859	0.63356395978154	0.218186810432892	0.535738972537879	0.321857768463949	0.482953420218239	-0.239990064580206	0.180874316939935	0.442701286984268	0.231017985361675	-0.278770552335506	0.406797905497285	0.273653754909611	-0.208398831383952	-0.251654004500399	-0.372178331415817	-0.582560351647044	0.404669110995248	0.347096106954778	-0.320665673124696	-0.375952179532204	0.388919753551793	0.445207533828683	0.259381184238169	0.322851780229918	-0.328994257471188	0.492225372465567	0.302483854942915	-0.312697996010342	0.596837173538353	0.532827234677641	-0.524867707488732	-0.471786743031173	0.300457891729577	0.178191753601632	0.430310694912111	-0.445716265205427	-0.451551597457191	-0.251856963387513	0.446771347246569	0.443045943868348	-0.343202608108574	-0.381187295747137	-0.512756892224069	-0.296971425709899	0.509988222518481	-0.539149352223404	0.263819518271918	-0.366895098263365	-0.339391175348043	0.315190262585427	-0.526897390551749	-0.371790709690112	-0.292567295586508	0.453399584186555	-0.518245273607187	0.528637263402813	0.19418911304709	0.192449080973703	-0.351239052878398	-0.209421399887292	-0.315502959619441	-0.53340663994955	0.728806279287356	-0.508456912009066	0.600035295872027	0.216244411326427	0.289447252538598	0.280515525330826	-0.441348172710559	0.429125925732846	0.490120331191027	-0.402597711108668	0.224174489489731	0.580662269565047	-0.489495913586843	0.529065827229506	0.282053092979361	0.391187229015971	-0.466473441741778	0.354499910349204	-0.53687836159542	-0.399816310314478	-0.348866468579048	0.343154106613785	-0.240371024910498	-0.3640904724176	0.188077496274253	-0.530452997827836	-0.362524492273774	0.47005168590849	-0.409775874205111	-0.41270131011332	-0.592593382065643	-0.379147453976765	-0.371451785297089	0.456891100434144	-0.387454814719717	0.276855223246886	-0.185429971856614	-0.207124615043446	-0.454297069051274	-0.30467542663219	-0.413319698401797	0.39775275621179	-0.513717674602465	0.452855432606572	-0.290132536642699	-0.549560468655575	-0.342648627161956	0.262768176458474	0.255525008437387	0.226089390413436	0.490255372447547	-0.331887103261286	-0.208991608069239
NF-kB Immunoreceptors	0.43209084509436	0.371087809568667	0.374425845015966	-0.360570358651887	-0.403988144501946	-0.635030666671787	-0.732517754273189	0.29288131305447	0.304092919720214	-0.343097717961231	-0.334983626086311	-0.311100171141043	0.422837551720053	-0.572071213494432	-0.280298608131602	0.470580746477532	0.309079200861652	0.318466695093194	0.32708492577991	0.395492086742901	-0.667514880433771	-0.407150077559119	0.191205373957257	0.287946896991934	0.40749283352464	0.287020417689196	-0.330782504590235	0.42242994790833	-0.297763751547765	0.482320681650458	-0.375193791825955	0.474797757094643	0.41574771400329	0.520256032560787	-0.543327741215781	-0.333540107217196	-0.280840621330802	-0.24341954936912	0.273213516964999	0.528267644397285	0.454122072880679	0.314415433533103	-0.400487751821471	-0.325285813022298	0.276912644245176	-0.342349311265653	-0.48690626961896	-0.356032478892332	-0.392489952007153	-0.528320637943219	0.610413717447506	0.395067266371603	-0.373522826944855	-0.327158287595896	0.352602033912469	0.267355321592406	0.327701324245212	-0.256403109930972	0.360344218227319	-0.417252400614445	-0.375064681734271	-0.524880508112957	-0.349175803657313	0.412068606597555	-0.402237839513798	0.355365298140436	0.558489806651675	-0.257656321892556	0.339188858375657	-0.44158425711776	-0.340345835944781	-0.304287374038086	-0.534499319067387	0.405136601509178	-0.350605377953622	0.38629123056109	0.284772557439248	0.4937872682412	-0.680489544207869	-0.288451805357315	0.45306859412117	-0.417187443952203	0.392749409279114	0.340306949917319	-0.489441940567942	-0.247492907783281	-0.319684310918686	-0.221110769013451	0.3799803988621	-0.300004410107773	0.341380946033431	0.29661975310107	0.412211985089398	0.287684722510168	0.474985472551785	-0.29540404317728	0.266800224962907	-0.299289251316834	0.296501468034321	-0.355035978381927	-0.32470898818885	-0.248459405973228	-0.255620982242661	-0.269750181780251	-0.72445594815672	-0.227556651257004	0.391997308738805	-0.456526773887125	0.377973356281476	-0.363301564246345	0.233548484122033	0.401779876157981	0.567563406913216	-0.491120484338487	0.633461103176972	-0.549575038442479	-0.261366095008026	0.517884617893204	-0.31146733044705	-0.292483292313392	-0.387263774736755	-0.481683551798999	-0.41120664101531	-0.321489617677809	0.250599093555095	-0.708472787299613	0.440743378472841	-0.324142922106856	-0.373158304601461	0.263007308050137	-0.254538864242401	-0.631734696363881	0.346920031875899	0.349078781286116	0.294424598207568	0.371280463763711	-0.243686108396993
NF-kB Miscellaneous	-0.267789775706627	0.255503755211694	-0.344988128520666	-0.263979572534439	0.201412429285791	0.322879424083587	-0.217208434213505	-0.360762726858645	0.372659641215688	0.264805577521397	0.24741829813623	0.229298099638825	0.424669493913613	-0.276667326399525	0.331534976815887	0.229007188026308	-0.271920164133255	0.268681794376641	0.181772375447511	-0.215564298204264	-0.463370340518187	-0.232294611674702	0.36530806681752	0.349977620459943	0.170609255624514	-0.243777591389451	-0.261684369558917	0.233207624909997	-0.247244643706352	0.315525209666422	-0.189498219600916	-0.191724991837205	0.37918862724003	-0.212450068375667	-0.413253930802224	-0.186097851937867	-0.233546746712164	-0.331668987302813	0.280777488708625	0.416700765280179	-0.292730543191847	-0.236300349922921	0.199176550014047	0.256942409469213	-0.412427504788798	0.332203140262647	-0.402548676408751	0.308055518430746	-0.358184447549105	-0.31846847867542	0.509818216904192	0.299517938869783	-0.234966435291035	-0.220002909384225	0.223406943564874	-0.267620690336809	0.28611599912153	-0.380605975134772	-0.2224955676849	-0.330096879785683	-0.180629618881562	-0.302497443377679	-0.304683903080427	0.268049976724516	0.208372258455726	-0.232890253262696	0.358612265657909	-0.301158002894869	-0.187757201270093	0.25156101058036	-0.275376143614805	0.219438865204269	-0.245658444978035	-0.303320967741892	-0.175089565321898	0.236718415771039	-0.409281321230054	0.273491717594489	-0.389971450911043	0.355014126564485	0.271465299935447	-0.223693208559636	0.307607882457994	0.329333304981178	0.356089076789863	-0.282530670119844	0.270362234449988	0.211517576581242	-0.314130933417481	0.328843398295151	-0.258834041500032	0.352372662743719	0.261730654360067	0.238026305889883	-0.205598763732661	0.238445424907512	-0.206771311898783	-0.198678546788076	-0.201350304632978	0.209135105314785	-0.201105807842954	-0.281352862066884	0.182361996268236	-0.175382417715539	-0.337538908086696	0.171002582837029	-0.22290906713653	-0.427264670468121	0.331649914190436	-0.404404426116571	0.220716281104414	0.376674481062617	0.295699212559987	-0.197053118881599	0.241977435302204	-0.370554647847852	0.286226877456604	0.445868956138432	-0.241466724632138	0.284094933680684	-0.244359491501895	-0.40788971353707	-0.442436705875025	-0.395873462068163	-0.3430980156487	-0.29674128967585	-0.258210968980989	0.196006171130106	-0.171146699931609	0.224908872797297	-0.257384649566651	-0.283068261010427	0.215170796929804	0.289087133307839	-0.207669791453786	-0.208243985298092	-0.261378945548299
NF-kB Targets	-0.306463073116604	-0.229167970877026	-0.64222036609932	-0.530033496665153	-0.345523893487162	-0.227641087734987	-0.436402898048571	-0.468016576294793	-0.284841554038356	-0.241989727168228	-0.396481240086668	-0.262766988783355	0.483197926775121	-0.550442239040014	-0.362543926631154	-0.247314942331515	0.253262286801298	0.339798145468169	-0.432250756976479	-0.419241650948015	-0.480064400575322	-0.543030257619931	-0.206557462613275	-0.348721929195289	0.288305452768077	-0.519860885131741	-0.36988198425862	0.359079473923351	-0.414815929673906	0.332170404713314	-0.421408148287208	-0.212181594710627	0.256994505580216	-0.34533712573319	-0.532487795504789	-0.366135092672505	-0.397461589117116	-0.408871173435005	0.245217755884325	-0.310738415521007	-0.292219678524223	0.232311485366564	-0.431442179395278	-0.388853823158825	-0.462106993058257	-0.291495922217174	-0.345581865210643	0.176884300282755	-0.568719657170744	-0.581560657586654	0.278734152496762	-0.282249210756567	-0.494566181402924	0.312564062971157	-0.595949576126107	-0.463423909259055	-0.313481662851267	-0.327466348400471	0.297714629683964	-0.592963590845563	-0.483694696780326	-0.383955210184564	-0.358879410150044	0.383442630965309	-0.311096578457568	-0.382587051754904	-0.291687588319241	-0.398981113479786	-0.396367025419979	0.307031885971126	0.42501249202147	0.279483544387874	-0.588979736123938	-0.528537601541677	-0.252893374211424	-0.235334500587447	-0.205044342567849	0.340682908158985	-0.642794834660052	-0.188699168629709	-0.435036775459621	-0.352771113195686	0.276127091671043	0.448604287722547	-0.279809665584108	-0.202253494260209	0.244859755901307	-0.355986176943127	-0.435577560800344	0.453263782257999	-0.275322667516697	-0.314763788268259	0.306392375284988	-0.286346059219162	-0.287071040466801	-0.250015335681938	-0.316633138237659	0.262063299605214	-0.529507423267424	-0.282755369997839	-0.439640884120246	-0.333240818759663	-0.382836278302157	-0.530942270066249	-0.402075262898994	0.359627818951566	-0.471046517001962	-0.626123293892508	-0.340332270876513	-0.517008206639943	-0.238785073507592	0.453790529228566	0.22024288246996	-0.538122670891203	-0.418777444476385	-0.562802477456922	-0.316705487189486	0.437666607840221	0.338149655785635	-0.441947838201679	-0.361726420190027	-0.442084299234525	-0.51713096403987	-0.41257780629061	0.280360007414873	-0.289715399503646	-0.243697711710016	-0.29620739893805	0.231445746602069	-0.580648710954096	-0.43448886566501	-0.241968330582003	0.384782604404947	0.261747807858763	0.434183833698966	-0.407244821802547	0.219354904546642
NF-kB Transcription factors	0.370973002417329	0.19753590135235	0.293859096721603	0.339766254107937	-0.272188760419277	-0.232861152011094	-0.244852786404588	0.263644923643194	0.323204387539185	-0.219327735465618	0.32671698259865	0.27939468551836	0.465508449475706	-0.419949710761007	0.321442308253946	0.252058306944473	-0.318679360914708	-0.224873891864966	-0.197477467238487	-0.271892670158423	0.215411714239749	0.203695404559739	0.474413869000788	0.378738760867116	0.293898140934413	-0.21940899349668	0.241490381073594	0.439152133157033	0.312557778026135	0.446795620951159	-0.337962516939476	0.481812174850956	0.314168866514178	0.393323837993514	0.198947549620374	-0.309270171865959	-0.444386134745691	-0.340624557626943	0.324591934332467	0.370207844799646	0.241781326147513	0.442358636819468	-0.210291274783497	-0.2449635479916	0.219553641417784	0.516400674248336	0.38614158731117	0.369253562705952	-0.232074323828965	-0.226303549201873	0.48374003984668	0.269328871114425	-0.222896184781059	0.311296399345354	0.279512102367663	-0.421652692077528	-0.330430810498168	-0.476459010151399	0.338139021500665	-0.236372109666413	-0.228696937022045	-0.23149558590705	-0.488065045020533	0.341915114692654	-0.412998102370137	0.245457206071261	0.295241022458736	-0.375594573030334	-0.234776781495506	-0.308117682585247	-0.193568408517544	0.205800008464093	-0.558323973402737	0.229728142039899	-0.328951343252403	0.31327625062373	-0.472940407247316	0.315203019062942	-0.424319959414791	0.283396080132363	-0.417981946010563	0.276082870511207	0.39801371130158	0.255203244312883	0.369511247019885	0.292353561772888	-0.209868114314568	-0.245286303323904	-0.434421603089712	0.443997551727483	0.280801522349303	0.234972386756256	0.323358245132093	-0.214834857336664	0.239587597072274	0.319729125862065	0.337799257066395	-0.330321040361425	-0.49128143897596	-0.436986989219654	-0.227513978335864	-0.237720258560399	-0.344521126868396	0.22624724434731	-0.482318689191004	-0.306887955234609	-0.261297632115319	-0.660269873683172	0.206263069943387	-0.23474374492315	0.300455879506424	0.382232219874176	0.272377658071955	-0.360236438397136	0.444539934117953	-0.210921383072695	-0.37777331833841	0.37800425831896	-0.235577522436878	0.22649756567916	-0.54818626421995	-0.431476983648489	-0.438554419884496	-0.243379621506673	-0.553222119422927	-0.51628209660336	0.26846238088976	0.2487877215652	-0.513261656201939	-0.283858743575826	-0.347640835007388	-0.469588727947769	0.524681707707403	0.32432504718409	0.38656139891254	-0.374006734865188	-0.412361461451084
Positive regulation of cellular response to TGF-beta	-0.267113462437473	0.449720007290982	0.233991702446153	0.340956973295127	0.441093626530149	0.311981404076583	0.2645542159009	-0.216726478527923	0.443398798826233	0.327466356622689	0.4440661934072	0.316819770659084	0.490441167482603	0.339899955358727	0.184782208930419	0.440941726371739	0.241680914562036	-0.232477528877188	0.28004430355028	0.225960712237301	0.300594562728339	0.372418454023063	0.408279215058865	0.398652083617109	0.429037484178477	-0.249813705164968	0.218061543746041	0.303221369665717	0.285281388658018	0.513713413478658	-0.257681014303712	0.237811488325522	0.230656076644582	-0.230454273302903	-0.294986762904498	-0.319835098575533	-0.186228672647084	-0.212481791058294	0.344775572967664	0.502128702392264	0.256008133223839	-0.263448795148605	0.48692766743666	0.266060312157529	-0.218026709775646	0.287999306317519	-0.4050870924254	-0.216860385231633	0.276219753188737	0.249535033004129	0.503608124857298	0.565656037530072	0.266818411584107	-0.282947945292278	-0.242572674123616	-0.32820802537824	0.237507708910193	-0.344414561511031	-0.204710603679342	-0.305227309680759	-0.267286918971315	-0.368184912748892	-0.515086094537333	-0.268854206628232	-0.250821795708838	-0.481641741200171	0.281378595899385	-0.421896626950805	-0.404787590832791	-0.278216537754939	-0.340189880159323	-0.263385180915567	-0.391696664842125	-0.534224065255566	-0.325372871558817	-0.285821793462829	-0.237913731362587	0.23294363126532	-0.334346406501223	0.250500752292818	-0.404525324299165	-0.3614175587575	0.244007175054281	-0.39280724926592	0.399654572133808	-0.344109592069126	0.357097753709044	-0.264382287888839	-0.372630572211034	0.286684466249122	-0.401616171936566	0.338307102756239	0.313603389935365	-0.376929490429557	-0.365410122996929	0.263754257013618	-0.438075555360152	-0.406595940547995	-0.395359522294703	-0.327907713902368	-0.322134546237596	-0.46865872678585	-0.449936362895292	0.223219560979841	-0.297613926628774	-0.29037328591812	0.340780112940656	-0.495691248582206	0.320818584621904	-0.39823531227632	0.412691821504696	0.332776674957456	-0.248350214811113	-0.372988618506623	-0.291868109454048	-0.372861841873857	-0.220742916309921	0.259113791449635	-0.378760409764869	-0.292269298018076	-0.385223534808211	-0.461804334916717	-0.37169842149721	-0.429269713684861	-0.341789743031985	-0.400935413964291	-0.185032655737144	-0.270517247040047	-0.430669780273217	-0.230369240753275	-0.471286851367759	-0.457766519139153	0.310577446852897	-0.274743187767039	-0.233391206997417	-0.343779477026403	-0.449405902563614
REACTOME_DNA_DAMAGE_TELOMERE_STRESS_INDUCED_SENESCENCE	-0.456936865176191	-0.235356425769254	-0.168444050965034	0.453098092762285	-0.502053765120181	-0.183925960665522	-0.220566230109448	0.22583705000731	-0.157465243056269	-0.479993534338341	-0.447416903981915	0.25724697671493	-0.361682371074353	-0.307255946314414	-0.410975824467126	-0.426970738428551	-0.27975859821404	-0.398563227877982	-0.209584036082018	0.254032185766529	0.559225940838558	0.16264025446332	-0.320586409350281	-0.166767109885067	-0.393536845649614	0.284056328618067	-0.232325907670882	-0.475938675902268	0.431792140539587	-0.320849445826205	0.176508965900488	-0.219869992890191	-0.397292312233946	-0.173044801193698	0.413580401904989	-0.392410799736795	-0.260470879772588	-0.284691636217207	-0.372630112931752	0.160952727131099	-0.438667375768814	-0.39079805364955	-0.304747244731356	-0.301071809245501	-0.348347815349723	-0.372318606798231	0.392107875594108	-0.255446971926979	-0.43828347102007	0.309362018901442	-0.195822606179284	-0.466507918210609	-0.228244141841347	0.316698859420675	-0.353737313019029	0.350587532353803	-0.469438546644294	0.25279212300763	-0.230920732633855	0.299370666556828	-0.280622389961425	-0.189890646801293	0.329140874860839	-0.219648365292687	-0.37760175812646	-0.251931526524098	-0.317047825209314	0.347957640068077	0.598489782509857	0.275331305776231	0.213315314127638	0.221568468298521	0.270428343658581	0.306095189907966	-0.252838059130809	0.318447035875975	0.518890223526381	-0.225146038871293	0.250358886964653	0.197831624170462	0.451860322090512	0.291395767668927	0.179287989941289	0.317441345417553	-0.468715996145163	0.178771418993236	0.367656289957493	-0.218600760928267	0.192360162596261	-0.358970077001851	0.362341958178958	-0.302589389964631	-0.423530551439315	-0.327550928893673	-0.21815479941419	-0.390761131604978	0.382985296386713	-0.318093708164816	0.280734106103806	-0.291803962479265	-0.279945869424407	-0.377056962938208	0.432700445030264	0.2615764343719	0.199630969834069	-0.22397305840804	-0.204653529348669	0.483769555092171	-0.176547647038798	0.380981013793041	0.203031831742006	-0.450781323204353	-0.299006018769901	0.43831822385682	0.336749734912382	0.2598138734245	-0.217433493252843	-0.445494764427528	-0.231739020312753	-0.377146281871558	0.213953462308182	0.34142183278751	0.43471734880155	0.560342580177728	0.302736681406735	-0.171800233949251	0.24575672567862	-0.256506424868714	0.220564461337738	0.183195903996424	-0.368712532778776	0.255577754778002	-0.243428304457336	0.3566019122439	-0.41215479668709	0.409651160450805	0.351989221773547
T-cell exhaustion (APC)	0.475774122259268	-0.332405769174833	-0.492901265373385	-0.292030046529046	0.317145738517765	-0.276677029266854	-0.569996425868324	-0.359962548508578	-0.299783503137185	-0.367532162093852	-0.504005653946706	0.329518854010043	0.523387962657958	-0.58090891873978	-0.412774893556526	0.42401514872554	0.223699091021439	0.364393657509357	0.255567855943635	0.290502341438609	-0.283205937195893	-0.62434930168334	0.529897821358867	-0.362994085558287	0.507261600604363	-0.249091436465466	-0.470824300807445	0.55068045490523	-0.571936549134057	0.613310499154002	-0.66230286268242	0.487184769854063	-0.252220403198864	0.226511694478199	-0.592789777406771	-0.463612269747565	0.31441249966575	-0.342357250734178	-0.167814608614228	-0.339119736114978	0.419452278267288	0.465747234889454	-0.378190012657724	0.197356570887219	-0.331302551036218	-0.35410512500049	-0.400297205584804	0.341886402993673	-0.644140195647152	-0.600087085989235	-0.286717150544229	-0.253397132198851	-0.515962885788364	0.448935611737281	-0.572785997126406	-0.351300537275955	0.463509846373595	-0.363494643000925	0.621410072363464	-0.466911339305486	-0.371877847727403	-0.403800809856145	-0.3907897190021	0.554739137405813	-0.377991272069297	-0.320011506818654	-0.341382702824888	-0.177901297947218	-0.514989466121973	0.636882243811319	0.581031700810151	0.579083950482032	-0.785588619455652	0.501878142282725	0.516259820362108	0.251392471315724	-0.285905818786054	0.643187473298425	-0.630124780814517	-0.285540884925365	-0.516498918984453	-0.466483239553145	0.457423834455647	0.651034941171585	-0.51608775538935	0.549214158342249	0.393199356153621	-0.573947524103887	-0.576941210134864	0.659926150954094	-0.283111219031786	-0.385658474862164	0.454506177976231	0.242092403996938	0.541067064424105	0.301604474919944	0.363026883912341	0.236386242431161	-0.529094790077561	-0.398105214358257	-0.395889143908895	-0.281664487572093	-0.308397996615099	-0.342760885108641	-0.48282937083793	0.302749957031526	0.283138781492328	-0.570906394788773	0.327695363055442	-0.252568212923919	0.38046279062499	0.60718312507778	0.285577366847337	-0.461062046662993	0.561548910234676	-0.502895833017883	-0.461654329298857	0.597004854600764	0.659876125171749	-0.404225660994014	-0.377120390107538	-0.449317949791266	-0.550842929392152	0.382816062574458	0.537058992527291	-0.505801041806827	0.484338551296809	0.360836363228281	0.200137621758528	-0.49072084501789	-0.642365158981467	-0.489442589557968	0.652940055125556	0.492289661496513	0.366843582403816	-0.432308018510382	0.317511587957382
TANG_SENESCENCE_TP53_TARGETS_DN	-0.578197170592369	-0.233887665430904	0.313951407958993	0.451096106441428	-0.450239900528521	0.182694370732923	-0.293466705480552	0.438282636097865	-0.28313294708145	-0.537592358250476	0.324360721494137	0.244739866408934	-0.490432391960233	-0.315541875320033	-0.24073026284381	-0.630077321387775	-0.28199697819639	-0.16947199447599	0.498955859117737	0.370614063307851	0.382926101257052	0.219073407724106	-0.600392716028641	0.305122880583502	-0.641208530203714	0.401997043950914	0.414615331106855	-0.660058702129274	-0.225221040605073	-0.456680753558703	0.422608110990138	0.279257419598111	0.21732645648514	-0.437609677194028	0.345567380699454	-0.342023222868121	0.419058787754035	0.383649738554553	0.50246929957988	-0.232748603269476	0.349505366609731	-0.345591452761601	-0.429122742471943	-0.190574412518006	0.18786481210752	0.301793526283104	0.550059000863803	-0.350689476171288	0.382528515268371	0.665932105987006	-0.45497718819153	-0.67232730528409	0.495628876576119	-0.483841584775086	0.409157892702623	0.297500839615356	-0.311574438926872	0.374119152324167	-0.562510094620288	0.431675637722068	0.436123996139314	0.317938793033617	0.357155766295337	-0.613800833140807	0.300470601602976	-0.395069769790201	-0.617113062875635	-0.539901566895219	0.535193189855415	-0.20381868737634	0.320167757134707	0.283798334049504	0.493837449685976	0.282901162504876	0.322025452522452	-0.409753064765498	0.466701064462451	-0.499349929557236	0.32311199608998	0.25760162643093	0.296610315989758	0.250576069385507	-0.383002483717192	-0.575420158540889	-0.454874330760674	-0.25862615077475	-0.255105848410754	0.56458943989043	0.299592963844463	-0.583431046355786	0.227358133187523	0.168435143736152	-0.56169382627724	0.566851459394301	-0.492751766886717	-0.445533916801303	0.284663893629116	-0.500827857159854	0.262848688274404	-0.591126456871771	-0.599379571590609	0.296497801682257	0.278870952497949	0.205712720481033	0.376803548710893	-0.48945380345365	0.285866542830574	0.485553914786865	-0.42464706866536	0.263109230914994	0.356386974601751	-0.65891300192889	-0.335061201228373	0.397987390103553	0.329032688198447	0.572721946544307	-0.187906946818641	-0.624031177045577	-0.33421193731891	0.236612863935156	0.333325262844431	0.482898678881863	0.449475555604068	0.193279886515549	-0.576581863092339	-0.217365903240864	0.461201152831744	-0.616972338599853	-0.268559896992023	0.309986762864189	0.233961823575195	-0.277959574478938	-0.668587295141439	-0.273739279328969	0.239538973431375	0.452896298001776	0.286671774769065
Toll-like receptor signaling pathway	-0.176420236046089	-0.238155123508286	-0.271535796260317	-0.179694023883149	0.241835767577662	-0.210256093512507	-0.21851614207858	-0.28450886378306	-0.267177927474674	0.256392524260802	-0.235146058030621	0.227884228882776	0.388925734267051	-0.452481370709834	-0.179449271384294	0.353447447504152	0.215604125617494	0.233147386282251	-0.175732900653408	-0.244086535174924	-0.343155454338088	-0.21004060740212	0.333734033460482	-0.212735253049865	0.325181058118065	-0.26289873482381	-0.183172576205644	0.398970144401903	-0.257318592033678	0.349348364057907	-0.227114453059829	0.238687328049753	0.258265809164684	-0.18952846728597	-0.311826103632721	-0.338483248581914	-0.198532863542279	-0.275234613300981	-0.231213354361324	0.277620643796569	0.254687146806348	0.279490267194291	-0.256946018763349	0.192432308388582	-0.350443088506308	-0.220480226668475	-0.269404851463675	0.229931817638557	-0.298949097539647	-0.346724091187351	0.202158295223214	0.260946388683305	-0.304965764221639	0.328417957351106	-0.207110612668167	-0.167937959591052	0.272263831740688	-0.28822335132555	0.346151547348744	-0.271163981000286	-0.225053636171041	-0.249310695197837	-0.322358776491203	0.420047671767745	-0.190437275288335	-0.284626450659884	-0.17482732828891	-0.274040177889538	-0.290237080567155	0.28259538428176	0.319458705649232	0.313051757100795	-0.388037123190017	-0.361932376855318	0.287877589243127	-0.287184028712572	-0.246783730317708	0.196080700841611	-0.355441961721255	-0.164265609046572	-0.264042221346563	-0.203043944350738	-0.169294205558406	0.310136758303236	-0.154083039991608	0.285586882989029	-0.219851088000138	-0.276738687777836	-0.237754384423067	0.491261592855811	-0.176796130611138	-0.276883904206602	0.307601614295094	0.186331692586812	0.284379709799962	0.29745832429067	0.211383901337057	-0.290967389334327	-0.374684901256481	-0.225783692904311	-0.357404617398373	0.259905798509873	-0.308765285601308	-0.239666087249055	-0.348183320732792	-0.190139189530872	-0.204739187301923	-0.398323623460392	0.23453408326702	-0.312524960470916	0.246663208182966	0.431290020580837	0.26825640040356	-0.224554527501887	0.185934580997405	-0.249353798135537	-0.17061278521659	0.421820579992247	0.333181283809248	-0.175182736589438	-0.235357549042638	-0.296362413128247	-0.30925057043649	-0.233995275813212	-0.159031117370355	-0.311442266435204	0.185813167283707	0.247431433954962	-0.268942975828032	-0.230921131917489	-0.280892566265884	-0.305059296163207	0.367678638797368	0.243213089116099	0.279539921169928	-0.260620168516826	-0.218751776665753
